Card,Song,Image,Category,Deck,Bobby,Caden,Sky,Brice,Jett,Aiden 
Chillin in Another World with Lv2 Super Cheat Powers,OP 1,https://m.media-amazon.com/images/M/MV5BZjlkOTQ5NTYtZDZiNC00ZTg2LTlhOTYtZjE2ODdlNDhkMjRjXkEyXkFqcGdeQXVyMzgxODM4NjM@._V1_FMjpg_UX1000_.jpg,Anime,Season 2,TRUE,FALSE,TRUE,FALSE,FALSE,FALSE
Isekai Quartet,"OP 1 - Isekai Quartet, ED 1 - Girl Talk, OP 2 - Isekai Showtime, ED 2 - Ponkotsu! Isekai Theater",https://m.media-amazon.com/images/M/MV5BNDYyOTdlOTAtNzI3OS00ODJjLTgxNzItYzFjZTUxZjQyNDAyXkEyXkFqcGdeQXVyMzgxODM4NjM@._V1_.jpg,Anime,,TRUE,FALSE,FALSE,FALSE,FALSE,FALSE
Honkai: Star Rail,"Wildfire, Take the Journey, Hope is a Thing With Feathers",https://image.api.playstation.com/vulcan/ap/rnd/202308/1103/8c3ce3611a4bb187418bb5e24924a055ba33d3046a7aaacb.png,Video  Game,,TRUE,TRUE,FALSE,FALSE,FALSE,FALSE
Saga of Tanya the Evil,"Jingo Jungle, Los! Los! Los!",https://m.media-amazon.com/images/M/MV5BMmI1YWYwMzMtZTQ1MS00ZDEyLTliMDQtZmFmNTI0NjIxMTU4XkEyXkFqcGdeQXVyMzgxODM4NjM@._V1_FMjpg_UX1000_.jpg,Anime,Season 2,TRUE,TRUE,FALSE,TRUE,FALSE,FALSE
Cautious Hero,Tit for Tat,https://m.media-amazon.com/images/M/MV5BNjcwNTMyZDEtMTc3ZS00OGVkLTlhZDktZDUyZTI4MzEzMjNiXkEyXkFqcGdeQXVyMTA3OTEyODI1._V1_FMjpg_UX1000_.jpg,Anime,,TRUE,FALSE,FALSE,FALSE,FALSE,FALSE
Mushoku Tensei,"OP 1, OP 2",https://m.media-amazon.com/images/M/MV5BMGM2MzA5YzYtODc0Ni00ZjU4LWI4ZmUtZGJjNGU0ODY1MGJkXkEyXkFqcGdeQXVyMzgxODM4NjM@._V1_.jpg,Anime,Season 2,TRUE,FALSE,TRUE,TRUE,FALSE,FALSE
Kantai Collection: KanColle,海色,https://m.media-amazon.com/images/M/MV5BM2E3MTQ5YWYtMzI4NC00NDk5LTlmZjItMWZiNTk5MmZiMjg2XkEyXkFqcGdeQXVyNTgzOTEwNTg@._V1_FMjpg_UX1000_.jpg,Anime,,TRUE,TRUE,FALSE,FALSE,FALSE,FALSE
My Deer Friend Nokotan,"Shikairo Days, Ed 1",https://cdn.myanimelist.net/images/anime/1084/144617.jpg,Anime,Season 2,TRUE,TRUE,TRUE,FALSE,FALSE,FALSE
Gyari,アカリがやってきたぞっ ,https://static.wikia.nocookie.net/vocaloid/images/8/8e/Cocoa_ProducetAvatar.jpg/revision/latest?cb=20210720164643,Vocaloid,,TRUE,FALSE,FALSE,FALSE,FALSE,FALSE
Lucky Star,Motteke! Sailor Fuku,https://m.media-amazon.com/images/M/MV5BYzIwZDkzYWQtZDBjYy00NTc2LWExNjYtNWEzZjdhNmM2NjUzXkEyXkFqcGdeQXVyMzgxODM4NjM@._V1_FMjpg_UX1000_.jpg,Anime,Season 2,TRUE,TRUE,FALSE,TRUE,TRUE,FALSE
Fairy Tail,"Op 1, Op 3, Op 6, Op 8, Op 9, Op 16, Fairy Tail Main Theme",https://m.media-amazon.com/images/M/MV5BMzZjNmRhNWQtNTAyYy00Yjk2LWE0NzUtMmYyNTU0YTE5NjJiXkEyXkFqcGdeQXVyNjI4OTE5OTM@._V1_FMjpg_UX1000_.jpg,Anime,Season 1,FALSE,TRUE,FALSE,TRUE,TRUE,FALSE
Bleach,"Op 1, Op 2, Op 12, Op 13, Ed - Life is like a boat, Ed - Last Moment, Number One",https://upload.wikimedia.org/wikipedia/en/7/72/Bleachanime.png,Anime,Season 1,TRUE,TRUE,FALSE,TRUE,TRUE,FALSE
Fullmetal Alchemist,"Op 1, Op 4",https://m.media-amazon.com/images/M/MV5BZmEzN2YzOTItMDI5MS00MGU4LWI1NWQtOTg5ZThhNGQwYTEzXkEyXkFqcGdeQXVyNTA4NzY1MzY@._V1_.jpg,Anime,Season 1,TRUE,TRUE,TRUE,TRUE,TRUE,FALSE
Madoka Magica,"Op 1, Ed 1, Mami Theme",https://m.media-amazon.com/images/M/MV5BZGYyZDlhY2YtMmYwNC00YjM3LWEwZDEtMTRhOWI5NDViM2NlXkEyXkFqcGdeQXVyMjk0NTE0NA@@._V1_FMjpg_UX1000_.jpg,Anime,Season 1,FALSE,TRUE,TRUE,TRUE,TRUE,FALSE
Ouran Host Club,"Op, Ed","https://imgsrv.crunchyroll.com/cdn-cgi/image/fit=contain,format=auto,quality=85,width=480,height=720/catalog/crunchyroll/9f93bb58e47e5ca59d0980de6351eac9.jpg",Anime,Season 1,TRUE,TRUE,TRUE,TRUE,TRUE,FALSE
Death Note,"Op, L Theme",https://m.media-amazon.com/images/M/MV5BNjRiNmNjMmMtN2U2Yi00ODgxLTk3OTMtMmI1MTI1NjYyZTEzXkEyXkFqcGdeQXVyNjAwNDUxODI@._V1_FMjpg_UX1000_.jpg,Anime,Season 1,FALSE,TRUE,TRUE,TRUE,TRUE,FALSE
Baka and Test,"Op 1, Ed 1","https://m.media-amazon.com/images/I/714VJflwmML._AC_UF894,1000_QL80_.jpg",Anime,Season 2,TRUE,TRUE,TRUE,TRUE,TRUE,FALSE
Yuru Yuri,"Op 1, Ed 1","https://imgsrv.crunchyroll.com/cdn-cgi/image/fit=contain,format=auto,quality=85,width=480,height=720/catalog/crunchyroll/e071af060535472c5288751ec5477a0c.jpe",Anime,Season 1,FALSE,TRUE,FALSE,FALSE,TRUE,FALSE
Higurashi,"Op 1, Op 2, Dear You",https://yarukizero.wordpress.com/files/2008/03/higurashi-rpg.jpg,Anime,Season 1,FALSE,TRUE,FALSE,FALSE,FALSE,FALSE
Guilty Crown,Op 1,https://m.media-amazon.com/images/M/MV5BMjE5NmU2NTEtNTRjNS00MWM0LWJkNTctM2RmNTRkMjA5OGYyXkEyXkFqcGdeQXVyMzgxODM4NjM@._V1_FMjpg_UX1000_.jpg,Anime,Season 1,TRUE,TRUE,FALSE,TRUE,TRUE,FALSE
Sword Art Online,Op 1,https://static.wikia.nocookie.net/toonami/images/f/ff/SAO.jpg/revision/latest?cb=20131008232219,Anime,Season 2,TRUE,TRUE,FALSE,TRUE,TRUE,FALSE
Attack On Titan,"Op 1, Op 3",https://static.wikia.nocookie.net/shingekinokyojin/images/d/d8/Attack_on_Titan_Season_1.jpg/revision/latest?cb=20211005182832,Anime,Season 1,FALSE,TRUE,TRUE,TRUE,TRUE,FALSE
Kabaneri of the Iron Fortress,Ed,https://m.media-amazon.com/images/M/MV5BYzAxY2Y5YWMtNzg2NS00MWQyLTg4YmEtNDcyMzdkZGJiNzkxXkEyXkFqcGc@._V1_.jpg,Anime,Season 1,FALSE,TRUE,TRUE,TRUE,TRUE,FALSE
Kill Me Baby,"Op, Ed",https://upload.wikimedia.org/wikipedia/en/thumb/c/ce/Baby%2C_Please_Kill_Me%21_vol_1.jpg/220px-Baby%2C_Please_Kill_Me%21_vol_1.jpg,Anime,Season 2,FALSE,TRUE,TRUE,TRUE,TRUE,FALSE
Nichijou,"Op 1, Op 2",https://m.media-amazon.com/images/M/MV5BNDEwNmZlNzAtZDZkZi00Mzk4LTgxYmEtYmEyMDc1Y2FjNjQzXkEyXkFqcGdeQXVyNjAwNDUxODI@._V1_FMjpg_UX1000_.jpg,Anime,Season 1,TRUE,TRUE,TRUE,TRUE,TRUE,FALSE
Daily Lives of Highschool Boys,"Op, Ed","https://imgsrv.crunchyroll.com/cdn-cgi/image/fit=contain,format=auto,quality=85,width=480,height=720/catalog/crunchyroll/86b69583c918db3e003b70b725970afc.jpe",Anime,Season 1,FALSE,TRUE,TRUE,TRUE,TRUE,FALSE
Danmachi,Op 1,https://m.media-amazon.com/images/M/MV5BY2JhZThjMjAtMjA5Yi00ZTIxLTljODctZDgxMzdlMzA2YjllXkEyXkFqcGdeQXVyMzgxODM4NjM@._V1_.jpg,Anime,Season 1,FALSE,TRUE,TRUE,TRUE,TRUE,FALSE
Konosuba,Op 1,https://m.media-amazon.com/images/M/MV5BYmZhMTJhZDgtZTc0Yi00NjcxLThhYTAtNmJiYTljMzc1Y2NiXkEyXkFqcGdeQXVyMzgxODM4NjM@._V1_.jpg,Anime,Season 1,TRUE,TRUE,TRUE,TRUE,TRUE,FALSE
Tokyo Ghoul,Op 1,https://m.media-amazon.com/images/M/MV5BOTM5ZjA2YWMtYjY3Ny00ZDU1LTk1NjYtMzhjMGY5ZmZkMzgwL2ltYWdlL2ltYWdlXkEyXkFqcGdeQXVyNTAyODkwOQ@@._V1_FMjpg_UX1000_.jpg,Anime,Season 2,TRUE,TRUE,FALSE,TRUE,TRUE,FALSE
Psycho Pass,Op 1,https://m.media-amazon.com/images/M/MV5BYTA0MTA3M2MtYTdiMy00ZGY0LTgwZjktMTE0NmVjZjk4OTE3XkEyXkFqcGdeQXVyNjAwNDUxODI@._V1_.jpg,Anime,Season 2,FALSE,TRUE,FALSE,TRUE,FALSE,FALSE
Angel Beats,"Op, Ed",https://upload.wikimedia.org/wikipedia/en/a/a5/Angel_Beats%21_DVD_Complete_Collection_cover.jpg,Anime,Season 2,FALSE,TRUE,TRUE,TRUE,TRUE,FALSE
Anohana,Op,https://encrypted-tbn0.gstatic.com/images?q=tbn:ANd9GcRfYxwjnCp7aDCpbc6Vhm-V4nJwCZBiM2_ZnA&s,Anime,Season 1,FALSE,TRUE,FALSE,FALSE,TRUE,FALSE
Darker than Black,"Op 1, Op 2, Op 3",https://upload.wikimedia.org/wikipedia/en/a/a4/DTB_DVD.jpg,Anime,Season 2,FALSE,TRUE,FALSE,FALSE,TRUE,FALSE
My Hero Academia,"Op 1, Op 2","https://m.media-amazon.com/images/M/MV5BM2I3NzkwOTQtMjVmOC00MDQ2LThmYzgtZGQ0NDQwNDJmNDcxXkEyXkFqcGdeQXVyNTc3MDU1MTU@._V1_QL75_UY281_CR5,0,190,281_.jpg",Anime,Season 1,TRUE,TRUE,FALSE,TRUE,TRUE,FALSE
Charlotte,Op,https://upload.wikimedia.org/wikipedia/en/thumb/5/51/Charlotte_anime.jpg/220px-Charlotte_anime.jpg,Anime,Season 2,FALSE,TRUE,FALSE,TRUE,TRUE,FALSE
Assassination Classroom,Op 1,https://m.media-amazon.com/images/M/MV5BMmZkMmQwN2EtNmFmZi00ZTBhLWEwODktNmYzMGI1NGJjNGRmXkEyXkFqcGc@._V1_.jpg,Anime,Season 1,FALSE,TRUE,TRUE,TRUE,TRUE,FALSE
Yamada-kun and the Seven Witches,Op,https://m.media-amazon.com/images/M/MV5BYjg3ZGQ1ODAtOGM3ZC00ZWJhLTgzMzctZTIwMjM3ZTM1YjQ0XkEyXkFqcGdeQXVyMzgxODM4NjM@._V1_.jpg,Anime,Season 2,FALSE,TRUE,FALSE,TRUE,TRUE,FALSE
Steins;Gate,Op,https://m.media-amazon.com/images/M/MV5BMjUxMzE4ZDctODNjMS00MzIwLThjNDktODkwYjc5YWU0MDc0XkEyXkFqcGdeQXVyNjc3OTE4Nzk@._V1_FMjpg_UX1000_.jpg,Anime,Season 1,TRUE,TRUE,TRUE,TRUE,TRUE,FALSE
Erased,"Op, Ed",https://m.media-amazon.com/images/M/MV5BYzJmZjZkMjQtZjJmZC00M2JkLTg5MzktN2FkOTllNTc5MmMzXkEyXkFqcGdeQXVyNjAwNDUxODI@._V1_FMjpg_UX1000_.jpg,Anime,Season 2,FALSE,TRUE,TRUE,TRUE,TRUE,FALSE
Fate/Zero,Op 1,https://encrypted-tbn0.gstatic.com/images?q=tbn:ANd9GcQN3gi8qeB44bx6Hff8UorxVTa_-IJEJIx7nQ&s,Anime,Season 2,FALSE,TRUE,FALSE,TRUE,TRUE,FALSE
Owari no Seraph,Op 1,https://m.media-amazon.com/images/M/MV5BZTNlYmU1MmItMGFiNi00MjUxLThlOWMtMzgxMzIyNzk3ODgwXkEyXkFqcGdeQXVyMTMxODk2OTU@._V1_FMjpg_UX1000_.jpg,Anime,Season 2,FALSE,TRUE,FALSE,TRUE,TRUE,FALSE
Nanatsu no Taizai,"Op 1, Op 2",https://static.wikia.nocookie.net/nanatsu-no-taizai/images/7/77/Nanatsu_no_Taizai_Anime_Poster.png/revision/latest?cb=20140808115533,Anime,Season 1,FALSE,TRUE,TRUE,TRUE,TRUE,FALSE
Gurren Lagann,Op 1,https://m.media-amazon.com/images/M/MV5BYTdjNDljNGUtNWFlYS00MTA4LThhZmEtMzA5ZGY0OGEzMjE1XkEyXkFqcGdeQXVyNjAwNDUxODI@._V1_.jpg,Anime,Season 2,FALSE,TRUE,TRUE,TRUE,FALSE,FALSE
Death Parade,Op,https://upload.wikimedia.org/wikipedia/en/c/c3/Deathparadevisual.jpg,Anime,Season 1,TRUE,TRUE,TRUE,TRUE,TRUE,FALSE
One Punch Man,Op 1,https://m.media-amazon.com/images/M/MV5BZjJlNzE5YzEtYzQwYS00NTBjLTk5YzAtYzUwOWQyM2E3OGI2XkEyXkFqcGdeQXVyNTgyNTA4MjM@._V1_.jpg,Anime,Season 1,TRUE,TRUE,TRUE,TRUE,TRUE,FALSE
Carnival Phantasm,"Op, Ed",https://cdn.myanimelist.net/images/anime/1018/92921.jpg,Anime,Season 2,FALSE,TRUE,FALSE,TRUE,TRUE,FALSE
No Game No Life,Op,"https://imgsrv.crunchyroll.com/cdn-cgi/image/fit=contain,format=auto,quality=85,width=480,height=720/catalog/crunchyroll/5a4525c6fc5508fa27f0ed229ad2cbde.jpe",Anime,Season 2,TRUE,TRUE,TRUE,TRUE,TRUE,FALSE
Kekkai Sensen,"Op 1, Ed 1, Ed 2","https://imgsrv.crunchyroll.com/cdn-cgi/image/fit=contain,format=auto,quality=85,width=480,height=720/catalog/crunchyroll/7cf782a4e1b370ca33b36b33560c6542.jpe",Anime,Season 1,FALSE,TRUE,TRUE,TRUE,TRUE,FALSE
Mirai Nikki,Op,https://upload.wikimedia.org/wikipedia/en/thumb/5/54/Mirainikkicover.jpg/220px-Mirainikkicover.jpg,Anime,Season 2,TRUE,TRUE,FALSE,TRUE,TRUE,FALSE
Parasyte,"Op, Next to You",https://m.media-amazon.com/images/M/MV5BMzg2YjA0NGYtYjQwMS00MDQyLWFlNWMtODVhNTBkYWIyNjE1XkEyXkFqcGc@._V1_.jpg,Anime,Season 2,FALSE,TRUE,FALSE,TRUE,TRUE,FALSE
Squid Girl,Op 1,https://static.wikia.nocookie.net/dubbing9585/images/c/c3/Squid_Girl.jpg/revision/latest?cb=20200925202227,Anime,Season 1,TRUE,TRUE,TRUE,TRUE,TRUE,FALSE
Soul Eater,"Op 1, Op 2, Ed 3, Bang bang bang bang have a nice dream",https://m.media-amazon.com/images/M/MV5BODVhMDUzNDYtYzk4MS00NjNjLWIwZDAtZWY5ZTVjZjU0NTMzXkEyXkFqcGc@._V1_.jpg,Anime,Season 1,FALSE,TRUE,TRUE,TRUE,TRUE,FALSE
The Devils a Part-Timer,Op 1,https://m.media-amazon.com/images/M/MV5BYjkxZjllNDAtNWFiYi00OTRkLThjZjktZDQxM2RmOWU5YzQzXkEyXkFqcGdeQXVyMzgxODM4NjM@._V1_.jpg,Anime,Season 1,TRUE,TRUE,TRUE,TRUE,TRUE,FALSE
Shingeki no Bahamut,Op 1,https://upload.wikimedia.org/wikipedia/en/7/7b/Rage_of_Bahamut_Genesis.jpg,Anime,Season 2,FALSE,TRUE,FALSE,TRUE,FALSE,FALSE
Kinos Journey,"New Op, Og Op",https://m.media-amazon.com/images/M/MV5BYzNhNjI3NmYtNTYzYy00ZDE5LWJiZTEtMTUwYTI2YTM1MzQ4XkEyXkFqcGdeQXVyMTk2MDc1MjQ@._V1_FMjpg_UX1000_.jpg,Anime,Season 1,FALSE,TRUE,FALSE,FALSE,TRUE,FALSE
Ef,Melodies Op,https://myanimelist.net/images/anime/1246/107820.jpg,Anime,Season 1,FALSE,TRUE,FALSE,FALSE,FALSE,FALSE
Made in Abyss,Op 1,https://m.media-amazon.com/images/M/MV5BZjM4ODA5YTktNjliMC00NzI5LTk3ZTctZWYyYWEyNTJhMmQzXkEyXkFqcGc@._V1_.jpg,Anime,Season 2,TRUE,TRUE,TRUE,FALSE,TRUE,FALSE
The Ancient Magus Bride,Op 1,https://s4.anilist.co/file/anilistcdn/media/anime/cover/large/bx98436-n7sK6POCd0XV.png,Anime,Season 2,TRUE,TRUE,FALSE,FALSE,TRUE,FALSE
Your Name,"Sparkle, Nandemonaiya",https://upload.wikimedia.org/wikipedia/en/0/0b/Your_Name_poster.png,Anime,Season 2,FALSE,TRUE,FALSE,FALSE,TRUE,FALSE
Cells at Work,Op,https://m.media-amazon.com/images/M/MV5BYWUzMzU4MjAtNjY0Yi00NzliLThmY2QtODViZWY0Y2NjOWM4XkEyXkFqcGdeQXVyMzgxODM4NjM@._V1_.jpg,Anime,Season 1,TRUE,TRUE,TRUE,TRUE,TRUE,FALSE
Grand Blue,"Op, Ed",https://m.media-amazon.com/images/M/MV5BMTNjNGRhZWYtN2U0Yi00ZjU4LWI0MTUtZTc4ZDI0ZTk0YzI2XkEyXkFqcGdeQXVyNDQxNjcxNQ@@._V1_FMjpg_UX1000_.jpg,Anime,Season 1,FALSE,TRUE,FALSE,TRUE,TRUE,FALSE
Durarara,"Op 1, Op 2, Op 4",https://static.wikia.nocookie.net/durarara/images/4/42/Drrr_s1_key_visual.jpg/revision/latest?cb=20180516131431,Anime,Season 1,FALSE,TRUE,FALSE,TRUE,TRUE,FALSE
Blue Exorcist,"Op 1, Op 2, Ed 1",https://static.wikia.nocookie.net/disneythehunchbackofnotredame/images/b/bb/Blue_Exorcist.jpg/revision/latest?cb=20200404000827,Anime,Season 2,FALSE,TRUE,FALSE,TRUE,TRUE,FALSE
Inu x Boku,Op,"https://imgsrv.crunchyroll.com/cdn-cgi/image/fit=contain,format=auto,quality=85,width=480,height=720/catalog/crunchyroll/8e9deb3d532eb37c9d437ec63a8fe090.jpe",Anime,Season 1,FALSE,TRUE,FALSE,TRUE,FALSE,FALSE
Bunny Girl Senpai,"Op, Ed","https://imgsrv.crunchyroll.com/cdn-cgi/image/fit=contain,format=auto,quality=85,width=480,height=720/catalog/crunchyroll/cceea00bfe0ffc70daaca113c9521597.jpe",Anime,Season 1,FALSE,TRUE,TRUE,TRUE,TRUE,FALSE
Last Exile,Op,https://cdn.myanimelist.net/images/anime/7/10888.jpg,Anime,Season 1,FALSE,TRUE,TRUE,FALSE,FALSE,FALSE
Wotakoi,Op,https://m.media-amazon.com/images/M/MV5BYmU4ZjM2ZWMtMDFhMy00MGM4LTlkMmEtYTJhZTU5ODAzODk0XkEyXkFqcGdeQXVyNjc3MjQzNTI@._V1_FMjpg_UX1000_.jpg,Anime,Season 2,FALSE,TRUE,TRUE,FALSE,TRUE,FALSE
3-Gatsu no Lion,"Op 1, Ed 2",https://m.media-amazon.com/images/M/MV5BMDQwYzEzMTctMmViYi00NTE2LWFjMTItZWY5NGFiNzU0YjcyXkEyXkFqcGdeQXVyNjAwNDUxODI@._V1_FMjpg_UX1000_.jpg,Anime,Season 2,FALSE,TRUE,FALSE,FALSE,TRUE,FALSE
The Promised Neverland,Op 1,https://encrypted-tbn0.gstatic.com/images?q=tbn:ANd9GcT5kLBm8m8y4tJyUdV1mI_baEvAVq4_4MVE9Q&s,Anime,Season 2,FALSE,TRUE,FALSE,TRUE,TRUE,FALSE
Redline,"Yellow Line, Redline Day",https://m.media-amazon.com/images/M/MV5BMDQ4MzU1NjUtOGE5Mi00MTIyLTk2NjItMGIyM2RiZDNmMDU0L2ltYWdlL2ltYWdlXkEyXkFqcGdeQXVyNTAyODkwOQ@@._V1_FMjpg_UX1000_.jpg,Anime,Season 2,FALSE,TRUE,TRUE,FALSE,FALSE,FALSE
Mushishi,"Op 1, Op 2",https://static.wikia.nocookie.net/mushi-shi/images/4/46/4cac9fcd3f875d8185e3796f438cc4bcc28c9c66_hq.jpg/revision/latest?cb=20180226024442,Anime,Season 1,FALSE,TRUE,FALSE,FALSE,TRUE,FALSE
Violet Evergarden,"Op, Back in Buisness, Ed 1",https://static.wikia.nocookie.net/p__/images/9/92/Violet_evergarden.jpg/revision/latest?cb=20181209013821&path-prefix=protagonist,Anime,Season 1,TRUE,TRUE,TRUE,FALSE,TRUE,FALSE
Saiki K,"Op 4, Judgement Knights of Thunder",https://encrypted-tbn0.gstatic.com/images?q=tbn:ANd9GcQjPHwlolb-y-e_LKS7ZPlEkm5G1LfC1mAv0g&s,Anime,Season 1,FALSE,TRUE,TRUE,TRUE,TRUE,FALSE
Bocchi,"OP 1, Ed 1",https://a.storyblok.com/f/178900/750x1000/7a835bfbb0/bocchi-kv.jpeg/m/filters:quality(95)format(webp),Anime,Season 2,FALSE,TRUE,TRUE,FALSE,FALSE,FALSE
Dungeon Meshi,"OP 1, OP 2, Ed 1",https://external-preview.redd.it/dungeon-meshi-delicious-in-dungeon-new-key-visual-v0-cAhPVpDDMbLCU7bELIOiHJYO1TDmXpqndhKfiX3W8V4.jpg?width=1080&crop=smart&auto=webp&s=299f12fbb4d78662711883d59ee659f74060f6ef,Anime,Season 2,TRUE,TRUE,TRUE,FALSE,TRUE,FALSE
Jigoku Shoujo,"Op 1, Op 2",https://upload.wikimedia.org/wikipedia/en/1/19/Jigoku_Shoujo_Hell_Girl.png,Anime,Season 1,FALSE,TRUE,TRUE,FALSE,FALSE,FALSE
Saijaku Tamer,"Hate no Nai Tabi, because",https://cdn.myanimelist.net/images/anime/1280/138474.jpg,Anime,,TRUE,FALSE,FALSE,FALSE,FALSE,FALSE
Villainess Level 99,Op,https://m.media-amazon.com/images/M/MV5BMDQ3YTBmNDEtYWIzZC00OGYwLWJhYTktZjFjZTA0MzViMjM5XkEyXkFqcGc@._V1_.jpg,Anime,,TRUE,FALSE,FALSE,FALSE,FALSE,FALSE
Fantasy Bishoujo Juniku Ojisan to,Akatsuki no Salaryman,https://static.wikia.nocookie.net/fantasy-bishoujo-juniku-ojisan-to/images/7/78/%E3%80%90PR%E3%80%911018_fabiniku_Teaser.jpeg/revision/latest/scale-to-width-down/1200?cb=20220216111511,Anime,,TRUE,FALSE,FALSE,FALSE,FALSE,FALSE
Barakamon,Op 1,https://m.media-amazon.com/images/M/MV5BMzdkYTgzZDctMGQ3OS00NWJlLTk1Y2ItYzZhNzIwOGM0YTU3XkEyXkFqcGc@._V1_.jpg,Anime,Season 1,FALSE,TRUE,FALSE,FALSE,TRUE,FALSE
Sousou no Frieren,"Op1, Op 2, ED 1, ED 2, Zoltaak, Dragon Smasher",https://static.wikia.nocookie.net/frieren/images/0/0e/Volume_1.png/revision/latest?cb=20200729190240,Anime,Season 2,TRUE,TRUE,TRUE,FALSE,FALSE,FALSE
Serial Experiments Lain,Op 1,https://m.media-amazon.com/images/M/MV5BZGJiMmEyMDMtMTJlZi00YTgwLWI1ODgtZDA1YjEyM2Q5MjI3XkEyXkFqcGc@._V1_.jpg,Anime,Season 2,FALSE,TRUE,FALSE,FALSE,TRUE,FALSE
Shield Hero,"Op 1, Op 2","https://m.media-amazon.com/images/I/81YJ8CeI7hL._AC_UF894,1000_QL80_.jpg",Anime,Season 1,TRUE,TRUE,TRUE,TRUE,TRUE,FALSE
Paprika,Op,https://m.media-amazon.com/images/M/MV5BZGJkYjkyMDUtM2U3ZC00NDM3LWI0MzItZjU5MmYwYjg2YmIwXkEyXkFqcGc@._V1_.jpg,Anime,Season 2,FALSE,TRUE,TRUE,FALSE,FALSE,FALSE
Cyperpunk: Edgerunners ,"This Fffire, I Really Want to Stay At Your House",https://m.media-amazon.com/images/M/MV5BM2JkMzM2ZmYtNWU4MS00MjZhLWFhZWUtYWFjYTJkN2RhZDliXkEyXkFqcGc@._V1_.jpg,Anime,Season 2,TRUE,TRUE,TRUE,FALSE,FALSE,FALSE
Mahou Shoujo Lyrical Nanoha,"Op 1, Take a Shot",https://upload.wikimedia.org/wikipedia/en/6/6d/Nanohadvd2pkg.jpg,Anime,Season 1,FALSE,TRUE,TRUE,FALSE,FALSE,FALSE
Watashi no Oshi wa Akuyaku Reijou,"Raise Y/Our Hands!!, O.C. Optimum Combination",https://static.wikia.nocookie.net/wataoshi/images/7/71/Light_Novel_Volume_1_JP.jpg/revision/latest?cb=20221109075333,Anime,,TRUE,FALSE,FALSE,FALSE,FALSE,FALSE
Love After World Domination,Koi wa Explosion,https://m.media-amazon.com/images/M/MV5BYTFkNTc3YTAtOGI2MS00MDZiLTgxY2UtNDE3ZjQ3OWRkZmVmXkEyXkFqcGc@._V1_.jpg,Anime,,TRUE,FALSE,FALSE,FALSE,FALSE,FALSE
Gekkan Shoujo Nozaki-kun,"Op, Ed",https://m.media-amazon.com/images/M/MV5BNTJhMjRjYzMtNDYyMC00NTQ0LThiNzctMjY3MjIyYWI4NTNjXkEyXkFqcGc@._V1_.jpg,Anime,Season 1,FALSE,TRUE,TRUE,FALSE,FALSE,FALSE
Mob Pyscho 100,"Op 1, OP 3, Op 2, Ed 2",https://static.wikia.nocookie.net/mob-psycho-100/images/8/8b/Mob_Psycho_100_Cover.jpg/revision/latest?cb=20161108223356,Anime,Season 1,TRUE,TRUE,TRUE,TRUE,TRUE,FALSE
Paripi Koumei,Chitty Chitty Bang Bang,https://m.media-amazon.com/images/M/MV5BMjc3YjcyYTctZTg5NC00NjE0LThmZTctNDU1ZjI1YWMyZjllXkEyXkFqcGc@._V1_.jpg,Anime,Season 2,TRUE,TRUE,TRUE,TRUE,FALSE,FALSE
Ishuzoku Reviewers,"Op, Ed",https://m.media-amazon.com/images/M/MV5BZjE1MTI1MDktZDQwMS00NGU2LTk1YTctYTZlNWE4Mjc2YjhmXkEyXkFqcGc@._V1_FMjpg_UX1000_.jpg,Anime,Season 2,TRUE,FALSE,TRUE,FALSE,FALSE,FALSE
Inuyashiki,Op 1,https://m.media-amazon.com/images/M/MV5BMDU1ZjJjZGMtM2FiNy00ODk5LWI1YTctNDQ5Y2NkMTg3OGU1XkEyXkFqcGc@._V1_.jpg,Anime,Season 1,FALSE,TRUE,TRUE,TRUE,TRUE,FALSE
Ghost Stories,Op,https://m.media-amazon.com/images/M/MV5BY2QyNWFhMDEtMGZkYy00YjdjLWJlMGUtNDBiMDk1NThhYTJlXkEyXkFqcGc@._V1_.jpg,Anime,Season 2,TRUE,TRUE,TRUE,TRUE,TRUE,FALSE
Eromanga Sensei,"Op, Ed",https://m.media-amazon.com/images/M/MV5BZWJlMjEwMWUtYTk4Mi00NTQ3LWExZWUtZTVlODQ5N2Q5YTAwXkEyXkFqcGc@._V1_.jpg,Anime,Season 2,TRUE,TRUE,FALSE,FALSE,FALSE,FALSE
Cat Planet Cuties,Op,https://m.media-amazon.com/images/M/MV5BMWFjNDNkYmEtMGQ4Mi00ZWIwLWFiZDEtOGNhNzU5NmMyOGE5XkEyXkFqcGc@._V1_FMjpg_UX1000_.jpg,Anime,,FALSE,TRUE,TRUE,FALSE,FALSE,FALSE
Devilman Crybaby,Op,https://resizing.flixster.com/zrTcxdS5rEbkefk3nmOo_JnKCKQ=/ems.cHJkLWVtcy1hc3NldHMvdHZzZXJpZXMvUlRUVjI4NTEzOS53ZWJw,Anime,Season 1,FALSE,TRUE,TRUE,FALSE,FALSE,FALSE
Oshi no Ko,"Op1, OP 2",https://m.media-amazon.com/images/M/MV5BYzM3ZGJkN2YtOTQ5Ny00MzEyLTlkMzQtZDVhYzM3YWFlM2QwXkEyXkFqcGc@._V1_.jpg,Anime,Season 2,TRUE,TRUE,TRUE,TRUE,FALSE,FALSE
Umineko,Op,https://upload.wikimedia.org/wikipedia/en/9/9d/Umineko_no_Naku_Koro_ni_cover.jpg,Anime,Season 1,FALSE,TRUE,FALSE,FALSE,FALSE,FALSE
Eizouken,"Op, Insert song","https://imgsrv.crunchyroll.com/cdn-cgi/image/fit=contain,format=auto,quality=85,width=480,height=720/catalog/crunchyroll/0bf0c7bacfdb98b7e38902e6ee41d574.jpe",Anime,Season 1,TRUE,TRUE,FALSE,FALSE,FALSE,FALSE
Hunter x Hunter,"Op, Ed 1, Ed 3",https://m.media-amazon.com/images/M/MV5BYzYxOTlkYzctNGY2MC00MjNjLWIxOWMtY2QwYjcxZWIwMmEwXkEyXkFqcGc@._V1_FMjpg_UX1000_.jpg,Anime,Season 2,TRUE,TRUE,TRUE,TRUE,TRUE,FALSE
Bofuri,Goodnight,https://encrypted-tbn0.gstatic.com/images?q=tbn:ANd9GcTJDz6OguYXw7jvRaMvR9H-LQBUdE3dCWYBlw&s,Anime,Season 1,TRUE,TRUE,TRUE,TRUE,FALSE,FALSE
Sabikui Bisco,Kaze no Oto Sae Kikoenai,https://m.media-amazon.com/images/M/MV5BM2M0ZTFjZWEtNWQxMC00NDFhLTlmZmItOWNhNTlmOGE3NDNkXkEyXkFqcGc@._V1_.jpg,Anime,Season 2,TRUE,TRUE,TRUE,FALSE,FALSE,FALSE
Demon Slayer,Op 1,https://m.media-amazon.com/images/M/MV5BNmQ5Zjg2ZTYtMGZmNC00M2Y3LTgwZGQtYmQ3NWI5MDdhZWNjXkEyXkFqcGc@._V1_.jpg,Anime,Season 1,TRUE,TRUE,TRUE,TRUE,TRUE,FALSE
Dorohedoro,"Op 1, Ed 2",https://m.media-amazon.com/images/M/MV5BYzE2M2I0ZmYtYjMxYS00NzYzLWEzNmEtZjQ4ODhmMDNmN2MyXkEyXkFqcGc@._V1_.jpg,Anime,Season 1,FALSE,TRUE,FALSE,FALSE,FALSE,FALSE
Ranking of Kings,"Boy, OP 2, OZ, Op 2",https://m.media-amazon.com/images/M/MV5BNjM3OWRmODQtODVjYS00YzY5LWFiNmQtOGExM2M4OWQ3Nzk1XkEyXkFqcGc@._V1_.jpg,Anime,Season 2,FALSE,TRUE,TRUE,FALSE,FALSE,FALSE
Keijo!!!!!!!!,OP,https://m.media-amazon.com/images/M/MV5BOWIzYzEwMmEtMmViMC00YWY1LTkzMTYtZmI3ZTc1NmM0OWFlXkEyXkFqcGc@._V1_.jpg,Anime,Season 2,TRUE,TRUE,TRUE,TRUE,TRUE,FALSE
The Helpful fox Senko-san,"Koyoi mofumofu !!, Moffumoffu DE Yoi no Ja yo",https://m.media-amazon.com/images/M/MV5BNGQwZmI4YjAtYWEzZC00ZmQxLTliNTktMzFmNDJiM2Q3ZDU5XkEyXkFqcGc@._V1_.jpg,Anime,Season 2,TRUE,TRUE,FALSE,FALSE,FALSE,FALSE
Lovely Complex,"Op 1, Op 2","https://imgsrv.crunchyroll.com/cdn-cgi/image/fit=contain,format=auto,quality=85,width=480,height=720/catalog/crunchyroll/5a4a3ea3bcd5704269c9b768d13ef087.jpe",Anime,Season 1,FALSE,TRUE,TRUE,FALSE,FALSE,FALSE
Black Clover,"Op 3, Op 4, Op 7, Op 9, Op 10, Op 13",https://m.media-amazon.com/images/M/MV5BZmZkZjNhMWMtM2U0Mi00MjdlLTk3NmMtMTMwZjgwOTJmODMzXkEyXkFqcGc@._V1_.jpg,Anime,Season 1,FALSE,TRUE,TRUE,TRUE,TRUE,FALSE
Handa-Kun,Op,https://static.wikia.nocookie.net/barakamon/images/5/5d/Handakunmain.jpg/revision/latest?cb=20170707125052,Anime,Season 1,FALSE,TRUE,TRUE,FALSE,FALSE,FALSE
Desert Punk,Op,https://m.media-amazon.com/images/M/MV5BNjNiNmViZDgtYTczNS00MjUxLWI3YmEtNjg2YWFkOWI0MjdjXkEyXkFqcGc@._V1_.jpg,Anime,,TRUE,FALSE,FALSE,FALSE,FALSE,FALSE
Odd Taxi,ODDTAXI,https://m.media-amazon.com/images/M/MV5BMGZiNWNlZDYtNjVhOS00MjMxLWFjZDgtYmE1NjI5YjA4MzdkXkEyXkFqcGc@._V1_.jpg,Anime,Season 2,TRUE,FALSE,TRUE,FALSE,FALSE,FALSE
Black Lagoon,Op 1,https://static.wikia.nocookie.net/lagooncompany/images/b/b1/Black_Lagoon.jpg/revision/latest?cb=20110718042001,Anime,Season 1,TRUE,TRUE,TRUE,FALSE,FALSE,FALSE
Rent a Girlfriend,"Op 1, Ed 1",https://cdn.myanimelist.net/r/200x268/images/anime/1584/112955.jpg?s=9f95c57fc8ebed186127be1b961f1a57,Anime,Season 1,FALSE,TRUE,TRUE,TRUE,TRUE,FALSE
Kore wa Zombie desu ka,"Op 1, Ed 1, Break Dance",https://4.bp.blogspot.com/-Y_DpYvMLT5I/Tmqkale113I/AAAAAAAAB3k/9cpsIPAbhTc/s1600/kore-wa-zombie-desu-ka-anime1.jpg,Anime,Season 1,FALSE,TRUE,TRUE,TRUE,FALSE,FALSE
Vivy -Fluorite Eyes Song-,Sing My Pleasure,https://m.media-amazon.com/images/M/MV5BYzc5MTI2ZjQtYTQzZC00MDhkLWEzOTktYzIzNTE2OGEwY2VkXkEyXkFqcGc@._V1_.jpg,Anime,Season 2,TRUE,TRUE,TRUE,TRUE,FALSE,FALSE
Slime Taoshite 300-nen,Gudafuwa Everyday,https://encrypted-tbn0.gstatic.com/images?q=tbn:ANd9GcRxp7wBobz75xzPYtaFfqJNfJdQKLG_14CecA&s,Anime,Expansion 1,TRUE,FALSE,FALSE,FALSE,FALSE,FALSE
Sakamoto desu ga,Op,https://m.media-amazon.com/images/M/MV5BOTE0MzUzZDktNjZlMS00NjU4LWFkMjYtNTkxMGQxMzZjOGZhXkEyXkFqcGc@._V1_.jpg,Anime,Season 1,FALSE,TRUE,TRUE,FALSE,FALSE,FALSE
Noragami,"Op 1, Op 2","https://imgsrv.crunchyroll.com/cdn-cgi/image/fit=contain,format=auto,quality=85,width=480,height=720/catalog/crunchyroll/e81af69b67788b5bfda50b2789bbc7ee.jpe",Anime,Season 1,TRUE,TRUE,TRUE,TRUE,TRUE,FALSE
Shiki,"Op 1, Op 2",https://m.media-amazon.com/images/M/MV5BMTk5M2EwMGMtM2IwMy00NjYyLWJjZDMtNmI1YmY2ZWFjZTY3XkEyXkFqcGc@._V1_.jpg,Anime,Season 1,FALSE,TRUE,TRUE,FALSE,FALSE,FALSE
Ben-To,Op,https://upload.wikimedia.org/wikipedia/en/f/fe/Ben-To_light_novel_volume_1_cover.jpg,Anime,Season 1,FALSE,TRUE,TRUE,TRUE,FALSE,FALSE
Shimoneta,"Op 1, Ed","https://imgsrv.crunchyroll.com/cdn-cgi/image/fit=contain,format=auto,quality=85,width=480,height=720/catalog/crunchyroll/d800e380690f5cee8d275eced9111cc2.jpe",Anime,Season 1,FALSE,TRUE,TRUE,TRUE,FALSE,FALSE
Good Luck Girl,Op,"https://imgsrv.crunchyroll.com/cdn-cgi/image/fit=contain,format=auto,quality=85,width=480,height=720/catalog/crunchyroll/117ce300b8c9366a027e88346d49510e.jpe",Anime,Season 2,FALSE,TRUE,TRUE,FALSE,TRUE,FALSE
Deca-Dence,Op,"https://imgsrv.crunchyroll.com/cdn-cgi/image/fit=contain,format=auto,quality=85,width=480,height=720/catalog/crunchyroll/404708cc01f210b624997ce77e75e18d.jpe",Anime,Season 1,FALSE,TRUE,TRUE,FALSE,FALSE,FALSE
Zankyou no Terror,Op,https://m.media-amazon.com/images/M/MV5BOGZmNjNiY2MtNWE0YS00Y2MxLWJlNzEtMjIyMzZjODE5NGMwXkEyXkFqcGc@._V1_.jpg,Anime,Season 2,FALSE,TRUE,TRUE,FALSE,TRUE,FALSE
Danganronpa,Op,"https://m.media-amazon.com/images/I/71+pBs4nSvL._AC_UF1000,1000_QL80_.jpg",Anime,Season 2,FALSE,TRUE,TRUE,TRUE,TRUE,FALSE
Great Pretender,Op,"https://m.media-amazon.com/images/I/91xfWmIApCL._AC_UF1000,1000_QL80_.jpg",Anime,Season 1,TRUE,TRUE,TRUE,FALSE,FALSE,FALSE
Hakata Tonkatsu Ramens,Op,https://m.media-amazon.com/images/M/MV5BM2YzNDUyMDgtMmVkYS00NzM0LWFhMzYtYjAwNjJjYWRhMjYxXkEyXkFqcGc@._V1_.jpg,Anime,Season 2,FALSE,TRUE,TRUE,FALSE,FALSE,FALSE
Vinland Saga,Op 1,https://m.media-amazon.com/images/M/MV5BNDA3MGNmZTEtMzFiMy00ZmViLThhNmQtMjQ4ZDc5MDEyN2U1XkEyXkFqcGc@._V1_FMjpg_UX1000_.jpg,Anime,Season 2,FALSE,TRUE,TRUE,TRUE,TRUE,FALSE
Welcome to the NHK,Op 1,https://m.media-amazon.com/images/M/MV5BMDNjZDMyYTctMmZlMi00NDY2LTg1OGQtOTA2MWU0N2E1M2ZkXkEyXkFqcGc@._V1_FMjpg_UX1000_.jpg,Anime,Season 2,FALSE,TRUE,TRUE,TRUE,FALSE,FALSE
Btooom,Op,https://m.media-amazon.com/images/M/MV5BN2M4MGU5MTQtNDEwMi00NjMxLWEwM2MtYTc1YTQ4ZDA2ZDM3XkEyXkFqcGc@._V1_.jpg,Anime,Season 2,FALSE,TRUE,TRUE,TRUE,FALSE,FALSE
Jujutsu Kaisen,"Op 1, Ed 2, Op 2, Ed 1",https://m.media-amazon.com/images/M/MV5BNmI1MmYxNWQtY2E5NC00ZTlmLWIzZGEtNzM1YmE3NDA5NzhjXkEyXkFqcGc@._V1_.jpg,Anime,Season 2,FALSE,TRUE,TRUE,TRUE,TRUE,FALSE
Tatami Galaxy,"Op, Op 2, Ed 1",https://upload.wikimedia.org/wikipedia/en/2/2a/Tatami_Galaxy_cover.png,Anime,Season 2,FALSE,TRUE,TRUE,FALSE,FALSE,FALSE
Blue Lock,"OP 1, OP 2, OP 3, Ed 1, Ed 2",https://m.media-amazon.com/images/M/MV5BODBmM2JmY2EtMzRlZC00Njk0LTg5NGMtZjdjMjQ5ZTJhYWQ3XkEyXkFqcGdeQXVyMTMzNDExODE5._V1_.jpg,Anime,Season 2,FALSE,TRUE,TRUE,TRUE,FALSE,FALSE
Heion Sedai no Idaten-tachi ,OP 1,https://cdn.myanimelist.net/images/anime/1293/115173.jpg,Anime,Season 2,FALSE,FALSE,TRUE,FALSE,FALSE,FALSE
Houseki no Kuni ,OP 1,https://th.bing.com/th/id/R.f20b5d16dfd33f460f0e6503820c8965?rik=XYA2ur8%2bWPCTiw&pid=ImgRaw&r=0,Anime,Season 2,TRUE,TRUE,TRUE,FALSE,FALSE,FALSE
Dragon Maid,"OP 1, OP 2",https://cdn.myanimelist.net/images/anime/5/85434.jpg,Anime,Season 2,FALSE,TRUE,TRUE,FALSE,TRUE,FALSE
Full Dive: This Ultimate Next-Gen Full Dive RPG,OP 1,https://cdn.myanimelist.net/images/anime/1357/113277.jpg,Anime,Season 2,FALSE,TRUE,TRUE,FALSE,FALSE,FALSE
MEGALOBOX ,"OP 1, OP 2, MEGALOBOX  Theme, Sachio Theme",https://wallpaperaccess.com/full/2390343.jpg,Anime,Season 2,TRUE,TRUE,TRUE,FALSE,FALSE,FALSE
Ore wo Sukinano wa Omae,OP 1,https://th.bing.com/th/id/OIP.9_oyUME1nDf0ddHkcjy7JwHaKe?rs=1&pid=ImgDetMain,Anime,Season 2,FALSE,TRUE,TRUE,FALSE,FALSE,FALSE
Samurai Champloo,"OP 1, OST Aruarian Dance, Ed 1",https://cdn.kanobu.ru/anime/anime/c9584dfe-8d23-4e93-9993-40f8b7db0c72.jpg,Anime,Season 2,TRUE,FALSE,TRUE,FALSE,FALSE,FALSE
Shadow House,"Ed 1, OP 1",https://th.bing.com/th/id/OIP.z1Q9dhH2oTBfpI7S-O_gxgHaKe?rs=1&pid=ImgDetMain,Anime,Season 2,FALSE,TRUE,TRUE,FALSE,FALSE,FALSE
Suzume no Tojimari,OP,https://i0.wp.com/codigoespagueti.com/wp-content/uploads/2022/12/estreno-mexico-suzume-no-tojimari.jpg?resize=1280%2C1920&quality=80&ssl=1,Anime,Season 2,FALSE,TRUE,TRUE,FALSE,FALSE,FALSE
Tengoku Daimakyou,OP 1,https://image.tmdb.org/t/p/w500/bbqvkPVmcTQuH6hEE7OXaluZZCI.jpg,Anime,Season 2,FALSE,TRUE,TRUE,FALSE,FALSE,FALSE
Tokyo Revengers,"OP 1, Ed 1",https://th.bing.com/th/id/R.c1ab2fa897b35ab87b232014a6f804d3?rik=guFARXfbJmmCOQ&pid=ImgRaw&r=0,Anime,Season 2,TRUE,FALSE,TRUE,FALSE,FALSE,FALSE
Yuukoku no Moriarty,"OP 1, Ed 1",https://somoskudasai.com/wp-content/uploads/2021/12/FFnCRtqXMAUkoHJ-scaled.jpg,Anime,Season 2,FALSE,FALSE,TRUE,FALSE,FALSE,FALSE
Mashle,OP 2,https://ramenparados.com/wp-content/uploads/2023/03/Mashle_CleanPoster-min.png,Anime,Season 2,TRUE,TRUE,TRUE,TRUE,TRUE,FALSE
The Apothecary Diaries,OP 1,https://image.tmdb.org/t/p/original/qGObcxuXKcKhP43BqTeIC7KgRcM.jpg,Anime,Season 2,TRUE,TRUE,TRUE,FALSE,FALSE,FALSE
Haikuu,"OP 1, OP 2",https://wallpapercave.com/wp/wp7756827.jpg,Anime,Season 2,FALSE,TRUE,TRUE,TRUE,TRUE,FALSE
Wind Breaker,OP 1,https://th.bing.com/th/id/OIP.kpPPG410IrUUBOYKpzADhQHaKe?rs=1&pid=ImgDetMain,Anime,Season 2,FALSE,FALSE,TRUE,FALSE,TRUE,FALSE
Kaiju No. 8,"OP 1, Ed 1",https://thathashtagshow.com/wp-content/uploads/2022/08/kaiju-no-8-vol-1-9781974725984_hr-1080x1620.jpg,Anime,Season 2,FALSE,FALSE,TRUE,FALSE,FALSE,TRUE
Sonny Boy,"OP 1, Todays Song",https://th.bing.com/th/id/OIP.cufNgUmXa1RAZjmTf4CslgHaLH?rs=1&pid=ImgDetMain,Anime,Season 2,FALSE,TRUE,TRUE,FALSE,FALSE,FALSE
Golden Boy,"OP 1, Lady President",https://th.bing.com/th/id/OIP.uah4kFVj1UkUP_Euo09VegAAAA?rs=1&pid=ImgDetMain,Anime,Season 2,TRUE,TRUE,TRUE,FALSE,FALSE,FALSE
Zom 100,OP 1,https://cdn.myanimelist.net/images/anime/1384/136408.jpg,Anime,Season 2,FALSE,TRUE,TRUE,FALSE,TRUE,FALSE
Dandandan,"OP 1, Ed 1",https://static1.cbrimages.com/wordpress/wp-content/uploads/sharedimages/2024/06/dandadan-2024.jpg,Anime,Season 2,FALSE,TRUE,TRUE,FALSE,FALSE,FALSE
Haiyori Nyaruko-San,Op 2,https://m.media-amazon.com/images/M/MV5BOTI0MDI0ZGItM2I1MC00MzRkLThlM2MtZDJiYWM0MWQ5Y2MwXkEyXkFqcGc@._V1_.jpg,Anime,Season 2,FALSE,TRUE,FALSE,TRUE,FALSE,FALSE
Todays Menu for the Emiya Family,Op,https://static.wikia.nocookie.net/typemoon/images/1/10/Today%27s_Menu_for_Emiya_Family_anime_second_key_visual.jpg/revision/latest?cb=20180701134330,Anime,Season 2,FALSE,TRUE,FALSE,FALSE,TRUE,FALSE
Food Wars,"Op 1, Ed 1",https://m.media-amazon.com/images/M/MV5BNzk2NjkzNTMtZjYzNS00M2UxLWI2NGYtZDlkOTliNjZkOTk1XkEyXkFqcGc@._V1_.jpg,Anime,Season 1,FALSE,TRUE,FALSE,TRUE,TRUE,FALSE
Fire Force,"Op 1, Op 3",https://m.media-amazon.com/images/M/MV5BMThhODExMTUtZmIyMC00OTY4LTk5YWMtN2YxYWRhNmNiNDNmXkEyXkFqcGc@._V1_.jpg,Anime,Season 1,FALSE,TRUE,TRUE,TRUE,TRUE,FALSE
One Piece,"Op 1, Op 13, Luffys Theme, The Battle Continues as Long As You Live",https://m.media-amazon.com/images/M/MV5BMTNjNGU4NTUtYmVjMy00YjRiLTkxMWUtNzZkMDNiYjZhNmViXkEyXkFqcGc@._V1_FMjpg_UX1000_.jpg,Anime,Season 2,TRUE,TRUE,FALSE,TRUE,TRUE,FALSE
Neon Genisis Evangelion,Op,https://m.media-amazon.com/images/M/MV5BZjZjZGI3ZDQtODNmZC00NjE0LTlmYTUtOTljMWI2YjNmMTQ0XkEyXkFqcGc@._V1_.jpg,Anime,Season 1,TRUE,TRUE,FALSE,TRUE,TRUE,FALSE
Inou Battle wa Nichijou,Op 1,"https://imgsrv.crunchyroll.com/cdn-cgi/image/fit=contain,format=auto,quality=85,width=480,height=720/catalog/crunchyroll/343fbff5bc29e9d0ef8fe736befe4f4d.jpe",Anime,Season 1,FALSE,TRUE,TRUE,TRUE,FALSE,FALSE
Naruto,"OP 1, OP 2, OP 4, OP 8, OP 9",https://m.media-amazon.com/images/M/MV5BZTNjOWI0ZTAtOGY1OS00ZGU0LWEyOWYtMjhkYjdlYmVjMDk2XkEyXkFqcGc@._V1_FMjpg_UX1000_.jpg,Anime,Season 1,TRUE,TRUE,FALSE,TRUE,TRUE,FALSE
Pokemon,"Original Op, Advanced Battle Op, Battle Frontier Op, Heroes of Hoenn",https://upload.wikimedia.org/wikipedia/en/6/6e/Pokemonseason6DVDvol1.jpg,Anime,Season 1,TRUE,TRUE,FALSE,TRUE,TRUE,FALSE
Digimon,"English Op, JP Op (Butterfly)",https://upload.wikimedia.org/wikipedia/en/4/43/Digimon_Digital_Monsters_Season_1_DVD_Cover.png,Anime,Season 1,FALSE,TRUE,FALSE,TRUE,TRUE,FALSE
Baccano!,Guns and Roses,https://m.media-amazon.com/images/M/MV5BMDdkYjc2MmQtNTJlZS00ZDM4LWI0ZTYtZGNkZTgzZTg0YTNmXkEyXkFqcGc@._V1_.jpg,Anime,Season 2,TRUE,TRUE,FALSE,FALSE,FALSE,FALSE
Spy X Family,"Mixed Nuts, Kigeki","https://m.media-amazon.com/images/I/71kN7vtOdGL._AC_UF1000,1000_QL80_.jpg",Anime,Season 2,TRUE,FALSE,FALSE,TRUE,FALSE,FALSE
Little Witch Academia,OP 1,https://myanimelist.net/anime/33489/Little_Witch_Academia_TV/pics,Anime,Season 1,TRUE,FALSE,TRUE,FALSE,FALSE,FALSE
Tonari no Seki-kun,"OP 1, Ed 1",https://myanimelist.net/anime/18139/Tonari_no_Seki-kun/pics,Anime,Season 1,FALSE,FALSE,TRUE,FALSE,FALSE,FALSE
A Place Further than the Universe,Op 1,https://myanimelist.net/anime/35839/Sora_yori_mo_Tooi_Basho/pics,Anime,Season 1,FALSE,FALSE,TRUE,FALSE,FALSE,FALSE
Amagi Brilliant Park,OP 1,https://myanimelist.net/anime/22147/Amagi_Brilliant_Park/pics,Anime,Season 1,FALSE,TRUE,TRUE,TRUE,FALSE,FALSE
Chihayafuru,OP 1,https://myanimelist.net/anime/10800/Chihayafuru/pics,Anime,Season 1,FALSE,FALSE,TRUE,FALSE,FALSE,FALSE
Code Geass,"OP 1, OP 2",https://myanimelist.net/anime/1575/Code_Geass__Hangyaku_no_Lelouch/pics,Anime,Season 1,TRUE,TRUE,TRUE,FALSE,TRUE,FALSE
Persona,"Take Over, Wake up, Get up, Beneath the Mask, Life will change, River in the desert",https://myanimelist.net/anime/36023/Persona_5_the_Animation/pics,Anime,Season 1,TRUE,TRUE,FALSE,TRUE,FALSE,FALSE
Darling in the Franxx,"OP 1, ED 1",https://myanimelist.net/anime/35849/Darling_in_the_FranXX/pics,Anime,Season 1,FALSE,FALSE,FALSE,TRUE,FALSE,FALSE
Dragon Pilot,OP 1,https://myanimelist.net/anime/36884/Hisone_to_Maso-tan/pics,Anime,Season 1,FALSE,TRUE,FALSE,TRUE,FALSE,FALSE
How Many Kilograms are in your Dumbells,OP 1,https://myanimelist.net/anime/39026/Dumbbell_Nan_Kilo_Moteru/pics,Anime,Season 1,TRUE,TRUE,FALSE,TRUE,FALSE,FALSE
Gabriel Dropout,"OP 1, ED 1",https://myanimelist.net/anime/33731/Gabriel_DropOut/pics,Anime,Season 1,FALSE,TRUE,FALSE,TRUE,TRUE,FALSE
Girls und Panzer,OP 1,https://myanimelist.net/anime/14131/Girls___Panzer/pics,Anime,Season 1,FALSE,TRUE,FALSE,TRUE,FALSE,FALSE
Goblin Slayer,OP 1,https://myanimelist.net/anime/37349/Goblin_Slayer/pics,Anime,Season 1,TRUE,TRUE,FALSE,TRUE,FALSE,FALSE
Hajime No Ippo,OP 4,"https://imgsrv.crunchyroll.com/cdn-cgi/image/fit=contain,format=auto,quality=85,width=480,height=720/catalog/crunchyroll/caecff823e348221e55a798447fd2aec.jpg",Anime,Season 2,FALSE,TRUE,FALSE,FALSE,TRUE,FALSE
Interviews with Monster Girls,OP 1,https://myanimelist.net/anime/33988/Demi-chan_wa_Kataritai/pics,Anime,Season 1,FALSE,FALSE,FALSE,TRUE,FALSE,FALSE
Kaguya-sama Love is War,"OP 1, OP 2",https://myanimelist.net/anime/40591/Kaguya-sama_wa_Kokurasetai_Tensai-tachi_no_Renai_Zunousen/pics,Anime,Season 1,TRUE,TRUE,FALSE,TRUE,TRUE,FALSE
Code Breaker,OP 1,"https://imgsrv.crunchyroll.com/cdn-cgi/image/fit=contain,format=auto,quality=85,width=480,height=720/catalog/crunchyroll/9359bb785fbd5fe7bb0df6cfbfc0d481.jpg",Anime,Season 2,FALSE,TRUE,FALSE,FALSE,TRUE,FALSE
Lull in the Sea,OP 2,https://myanimelist.net/anime/16067/Nagi_no_Asu_kara/pics,Anime,Season 1,FALSE,TRUE,FALSE,TRUE,FALSE,FALSE
Toradora,"OP 1, OP 2",https://myanimelist.net/anime/4224/Toradora/pics,Anime,Season 1,FALSE,TRUE,FALSE,TRUE,TRUE,FALSE
MMO Junkie,OP 1,https://myanimelist.net/anime/36038/Net-juu_no_Susume/pics,Anime,Season 1,FALSE,FALSE,FALSE,TRUE,FALSE,FALSE
Space Dandy,"OP 1, Ed 1",https://myanimelist.net/anime/20057/Space%E2%98%86Dandy/pics,Anime,Season 1,TRUE,FALSE,FALSE,TRUE,FALSE,FALSE
Slime Isekai,OP 1,https://myanimelist.net/anime/37430/Tensei_shitara_Slime_Datta_Ken/pics,Anime,Season 1,TRUE,FALSE,FALSE,TRUE,FALSE,FALSE
Beastars,OP 1,https://myanimelist.net/anime/39195/Beastars/pics,Anime,Season 1,TRUE,TRUE,FALSE,TRUE,FALSE,FALSE
Uzaki-chan,OP 1,https://myanimelist.net/anime/41226/Uzaki-chan_wa_Asobitai/pics,Anime,Season 1,FALSE,TRUE,FALSE,TRUE,FALSE,FALSE
Chainsaw Man,OP 1,https://myanimelist.net/anime/44511/Chainsaw_Man/pics,Anime,Season 2,TRUE,TRUE,FALSE,TRUE,TRUE,FALSE
Shikabane Hime,OP 1,https://myanimelist.net/anime/4581/Shikabane_Hime__Aka/pics,Anime,Season 1,FALSE,TRUE,FALSE,TRUE,FALSE,FALSE
Cowboy Bebop,OP 1,https://myanimelist.net/anime/1/Cowboy_Bebop/pics,Anime,Season 1,TRUE,TRUE,FALSE,TRUE,TRUE,FALSE
Blend S,OP 1,https://myanimelist.net/anime/34618/Blend_S/pics,Anime,Season 1,TRUE,TRUE,FALSE,TRUE,TRUE,FALSE
Gintama,"OP 1, OP 2, OP 3, OP 5, OP 9, Shura, Mr Raindrop, Ed 17, Op 13",https://myanimelist.net/anime/9969/Gintama/pics,Anime,Season 1,FALSE,TRUE,FALSE,TRUE,TRUE,FALSE
Weathering With You,OST - Grand Escape,https://m.media-amazon.com/images/M/MV5BMWQzOTYxMjQtMjRkOC00M2Y5LWExODYtNTFkNmZiOWUwOTE0XkEyXkFqcGc@._V1_.jpg,Anime,Season 2,FALSE,TRUE,FALSE,FALSE,TRUE,FALSE
Jojo,"Op 7, Op A, Op B, Op C, Op D, Op E",https://myanimelist.net/anime/14719/JoJo_no_Kimyou_na_Bouken_TV/pics,Anime,Season 1,TRUE,TRUE,FALSE,TRUE,TRUE,FALSE
Kill La Kill,"Op1, Op2, Light your Heart Up",https://myanimelist.net/anime/18679/Kill_la_Kill/pics,Anime,Season 2,FALSE,TRUE,FALSE,TRUE,TRUE,FALSE
Drifting Dragon,Op 1,https://myanimelist.net/anime/39531/Kuutei_Dragons/pics,Anime,Season 1,FALSE,TRUE,TRUE,TRUE,FALSE,FALSE
Samurai Flamenco,Op 1,https://24.media.tumblr.com/f6e5db8dbdde2f4183cec124a657869b/tumblr_n5rvmaObgV1sykigqo3_250.jpg,Anime,Season 2,FALSE,TRUE,FALSE,FALSE,TRUE,FALSE
My Neighbour Totoro,"OP 1, ED 1",https://www.imdb.com/title/tt0096283/mediaindex/,Anime,Season 2,FALSE,TRUE,TRUE,FALSE,TRUE,FALSE
Ga Rei Zero,OP 1,https://m.media-amazon.com/images/M/MV5BNDQyZDc3NmMtYjViYi00ZWRkLTk2MmUtNTBmMjdlY2FmNjdmXkEyXkFqcGc@._V1_.jpg,Anime,Season 2,FALSE,TRUE,FALSE,FALSE,TRUE,FALSE
Howl’s Moving Castle,Main Theme,https://www.fathomevents.com/events/howls-moving-castle-20th-anniversary-studio-ghibli-fest-2024/,Anime,Season 2,FALSE,FALSE,TRUE,FALSE,TRUE,FALSE
Black Cat,OP 1,https://upload.wikimedia.org/wikipedia/en/2/22/Black_Cat_DVD.png,Anime,Season 2,FALSE,TRUE,FALSE,FALSE,TRUE,FALSE
,,,,FALSE,FALSE,FALSE,FALSE,FALSE,FALSE
,,,,FALSE,FALSE,FALSE,FALSE,FALSE,FALSE
,,,,FALSE,FALSE,FALSE,FALSE,FALSE,FALSE
,,,,FALSE,FALSE,FALSE,FALSE,FALSE,FALSE
,,,,FALSE,FALSE,FALSE,FALSE,FALSE,FALSE
,,,,FALSE,FALSE,FALSE,FALSE,FALSE,FALSE
,,,,FALSE,FALSE,FALSE,FALSE,FALSE,FALSE
,,,,FALSE,FALSE,FALSE,FALSE,FALSE,FALSE
,,,,FALSE,FALSE,FALSE,FALSE,FALSE,FALSE
,,,,FALSE,FALSE,FALSE,FALSE,FALSE,FALSE
,,,,FALSE,FALSE,FALSE,FALSE,FALSE,FALSE
,,,,FALSE,FALSE,FALSE,FALSE,FALSE,FALSE
,,,,FALSE,FALSE,FALSE,FALSE,FALSE,FALSE
,,,,FALSE,FALSE,FALSE,FALSE,FALSE,FALSE
,,,,FALSE,FALSE,FALSE,FALSE,FALSE,FALSE
,,,,FALSE,FALSE,FALSE,FALSE,FALSE,FALSE
,,,,FALSE,FALSE,FALSE,FALSE,FALSE,FALSE
,,,,FALSE,FALSE,FALSE,FALSE,FALSE,FALSE
,,,,FALSE,FALSE,FALSE,FALSE,FALSE,FALSE
,,,,FALSE,FALSE,FALSE,FALSE,FALSE,FALSE
,,,,FALSE,FALSE,FALSE,FALSE,FALSE,FALSE
,,,,FALSE,FALSE,FALSE,FALSE,FALSE,FALSE
,,,,FALSE,FALSE,FALSE,FALSE,FALSE,FALSE
,,,,FALSE,FALSE,FALSE,FALSE,FALSE,FALSE
,,,,FALSE,FALSE,FALSE,FALSE,FALSE,FALSE
,,,,FALSE,FALSE,FALSE,FALSE,FALSE,FALSE
,,,,FALSE,FALSE,FALSE,FALSE,FALSE,FALSE
,,,,FALSE,FALSE,FALSE,FALSE,FALSE,FALSE
,,,,FALSE,FALSE,FALSE,FALSE,FALSE,FALSE
,,,,FALSE,FALSE,FALSE,FALSE,FALSE,FALSE
,,,,FALSE,FALSE,FALSE,FALSE,FALSE,FALSE
,,,,FALSE,FALSE,FALSE,FALSE,FALSE,FALSE
,,,,FALSE,FALSE,FALSE,FALSE,FALSE,FALSE
,,,,FALSE,FALSE,FALSE,FALSE,FALSE,FALSE
,,,,FALSE,FALSE,FALSE,FALSE,FALSE,FALSE
,,,,FALSE,FALSE,FALSE,FALSE,FALSE,FALSE
,,,,FALSE,FALSE,FALSE,FALSE,FALSE,FALSE
,,,,FALSE,FALSE,FALSE,FALSE,FALSE,FALSE
,,,,FALSE,FALSE,FALSE,FALSE,FALSE,FALSE
,,,,FALSE,FALSE,FALSE,FALSE,FALSE,FALSE
,,,,FALSE,FALSE,FALSE,FALSE,FALSE,FALSE
,,,,FALSE,FALSE,FALSE,FALSE,FALSE,FALSE
,,,,FALSE,FALSE,FALSE,FALSE,FALSE,FALSE
,,,,FALSE,FALSE,FALSE,FALSE,FALSE,FALSE
,,,,FALSE,FALSE,FALSE,FALSE,FALSE,FALSE
,,,,FALSE,FALSE,FALSE,FALSE,FALSE,FALSE
,,,,FALSE,FALSE,FALSE,FALSE,FALSE,FALSE
,,,,FALSE,FALSE,FALSE,FALSE,FALSE,FALSE
,,,,FALSE,FALSE,FALSE,FALSE,FALSE,FALSE
,,,,FALSE,FALSE,FALSE,FALSE,FALSE,FALSE
,,,,FALSE,FALSE,FALSE,FALSE,FALSE,FALSE
,,,,FALSE,FALSE,FALSE,FALSE,FALSE,FALSE
,,,,FALSE,FALSE,FALSE,FALSE,FALSE,FALSE
,,,,FALSE,FALSE,FALSE,FALSE,FALSE,FALSE
,,,,FALSE,FALSE,FALSE,FALSE,FALSE,FALSE
,,,,FALSE,FALSE,FALSE,FALSE,FALSE,FALSE
,,,,FALSE,FALSE,FALSE,FALSE,FALSE,FALSE
,,,,FALSE,FALSE,FALSE,FALSE,FALSE,FALSE
,,,,FALSE,FALSE,FALSE,FALSE,FALSE,FALSE
,,,,FALSE,FALSE,FALSE,FALSE,FALSE,FALSE
,,,,FALSE,FALSE,FALSE,FALSE,FALSE,FALSE
,,,,FALSE,FALSE,FALSE,FALSE,FALSE,FALSE
,,,,FALSE,FALSE,FALSE,FALSE,FALSE,FALSE
,,,,FALSE,FALSE,FALSE,FALSE,FALSE,FALSE
,,,,FALSE,FALSE,FALSE,FALSE,FALSE,FALSE
,,,,FALSE,FALSE,FALSE,FALSE,FALSE,FALSE
,,,,FALSE,FALSE,FALSE,FALSE,FALSE,FALSE
,,,,FALSE,FALSE,FALSE,FALSE,FALSE,FALSE
,,,,FALSE,FALSE,FALSE,FALSE,FALSE,FALSE
,,,,FALSE,FALSE,FALSE,FALSE,FALSE,FALSE
,,,,FALSE,FALSE,FALSE,FALSE,FALSE,FALSE
,,,,FALSE,FALSE,FALSE,FALSE,FALSE,FALSE
,,,,FALSE,FALSE,FALSE,FALSE,FALSE,FALSE
,,,,FALSE,FALSE,FALSE,FALSE,FALSE,FALSE
,,,,FALSE,FALSE,FALSE,FALSE,FALSE,FALSE
,,,,FALSE,FALSE,FALSE,FALSE,FALSE,FALSE
,,,,FALSE,FALSE,FALSE,FALSE,FALSE,FALSE
,,,,FALSE,FALSE,FALSE,FALSE,FALSE,FALSE
,,,,FALSE,FALSE,FALSE,FALSE,FALSE,FALSE
,,,,FALSE,FALSE,FALSE,FALSE,FALSE,FALSE
,,,,FALSE,FALSE,FALSE,FALSE,FALSE,FALSE
,,,,FALSE,FALSE,FALSE,FALSE,FALSE,FALSE
,,,,FALSE,FALSE,FALSE,FALSE,FALSE,FALSE
,,,,FALSE,FALSE,FALSE,FALSE,FALSE,FALSE
,,,,FALSE,FALSE,FALSE,FALSE,FALSE,FALSE
,,,,FALSE,FALSE,FALSE,FALSE,FALSE,FALSE
,,,,FALSE,FALSE,FALSE,FALSE,FALSE,FALSE
,,,,FALSE,FALSE,FALSE,FALSE,FALSE,FALSE
,,,,FALSE,FALSE,FALSE,FALSE,FALSE,FALSE
,,,,FALSE,FALSE,FALSE,FALSE,FALSE,FALSE
,,,,FALSE,FALSE,FALSE,FALSE,FALSE,FALSE
,,,,FALSE,FALSE,FALSE,FALSE,FALSE,FALSE
,,,,FALSE,FALSE,FALSE,FALSE,FALSE,FALSE
,,,,FALSE,FALSE,FALSE,FALSE,FALSE,FALSE
,,,,FALSE,FALSE,FALSE,FALSE,FALSE,FALSE
,,,,FALSE,FALSE,FALSE,FALSE,FALSE,FALSE
,,,,FALSE,FALSE,FALSE,FALSE,FALSE,FALSE
,,,,FALSE,FALSE,FALSE,FALSE,FALSE,FALSE
,,,,FALSE,FALSE,FALSE,FALSE,FALSE,FALSE
,,,,FALSE,FALSE,FALSE,FALSE,FALSE,FALSE
,,,,FALSE,FALSE,FALSE,FALSE,FALSE,FALSE
,,,,FALSE,FALSE,FALSE,FALSE,FALSE,FALSE
,,,,FALSE,FALSE,FALSE,FALSE,FALSE,FALSE
,,,,FALSE,FALSE,FALSE,FALSE,FALSE,FALSE
,,,,FALSE,FALSE,FALSE,FALSE,FALSE,FALSE
,,,,FALSE,FALSE,FALSE,FALSE,FALSE,FALSE
,,,,FALSE,FALSE,FALSE,FALSE,FALSE,FALSE
,,,,FALSE,FALSE,FALSE,FALSE,FALSE,FALSE
,,,,FALSE,FALSE,FALSE,FALSE,FALSE,FALSE
,,,,FALSE,FALSE,FALSE,FALSE,FALSE,FALSE
,,,,FALSE,FALSE,FALSE,FALSE,FALSE,FALSE
,,,,FALSE,FALSE,FALSE,FALSE,FALSE,FALSE
,,,,FALSE,FALSE,FALSE,FALSE,FALSE,FALSE
,,,,FALSE,FALSE,FALSE,FALSE,FALSE,FALSE
,,,,FALSE,FALSE,FALSE,FALSE,FALSE,FALSE
,,,,FALSE,FALSE,FALSE,FALSE,FALSE,FALSE
,,,,FALSE,FALSE,FALSE,FALSE,FALSE,FALSE
,,,,FALSE,FALSE,FALSE,FALSE,FALSE,FALSE
,,,,FALSE,FALSE,FALSE,FALSE,FALSE,FALSE
,,,,FALSE,FALSE,FALSE,FALSE,FALSE,FALSE
,,,,FALSE,FALSE,FALSE,FALSE,FALSE,FALSE
,,,,FALSE,FALSE,FALSE,FALSE,FALSE,FALSE
,,,,FALSE,FALSE,FALSE,FALSE,FALSE,FALSE
,,,,FALSE,FALSE,FALSE,FALSE,FALSE,FALSE
,,,,FALSE,FALSE,FALSE,FALSE,FALSE,FALSE
,,,,FALSE,FALSE,FALSE,FALSE,FALSE,FALSE
,,,,FALSE,FALSE,FALSE,FALSE,FALSE,FALSE
,,,,FALSE,FALSE,FALSE,FALSE,FALSE,FALSE
,,,,FALSE,FALSE,FALSE,FALSE,FALSE,FALSE
,,,,FALSE,FALSE,FALSE,FALSE,FALSE,FALSE
,,,,FALSE,FALSE,FALSE,FALSE,FALSE,FALSE
,,,,FALSE,FALSE,FALSE,FALSE,FALSE,FALSE
,,,,FALSE,FALSE,FALSE,FALSE,FALSE,FALSE
,,,,FALSE,FALSE,FALSE,FALSE,FALSE,FALSE
,,,,FALSE,FALSE,FALSE,FALSE,FALSE,FALSE
,,,,FALSE,FALSE,FALSE,FALSE,FALSE,FALSE
,,,,FALSE,FALSE,FALSE,FALSE,FALSE,FALSE
,,,,FALSE,FALSE,FALSE,FALSE,FALSE,FALSE
,,,,FALSE,FALSE,FALSE,FALSE,FALSE,FALSE
,,,,FALSE,FALSE,FALSE,FALSE,FALSE,FALSE
,,,,FALSE,FALSE,FALSE,FALSE,FALSE,FALSE
,,,,FALSE,FALSE,FALSE,FALSE,FALSE,FALSE
,,,,FALSE,FALSE,FALSE,FALSE,FALSE,FALSE
,,,,FALSE,FALSE,FALSE,FALSE,FALSE,FALSE
,,,,FALSE,FALSE,FALSE,FALSE,FALSE,FALSE
,,,,FALSE,FALSE,FALSE,FALSE,FALSE,FALSE
,,,,FALSE,FALSE,FALSE,FALSE,FALSE,FALSE
,,,,FALSE,FALSE,FALSE,FALSE,FALSE,FALSE
,,,,FALSE,FALSE,FALSE,FALSE,FALSE,FALSE
,,,,FALSE,FALSE,FALSE,FALSE,FALSE,FALSE
,,,,FALSE,FALSE,FALSE,FALSE,FALSE,FALSE
,,,,FALSE,FALSE,FALSE,FALSE,FALSE,FALSE
,,,,FALSE,FALSE,FALSE,FALSE,FALSE,FALSE
,,,,FALSE,FALSE,FALSE,FALSE,FALSE,FALSE
,,,,FALSE,FALSE,FALSE,FALSE,FALSE,FALSE
,,,,FALSE,FALSE,FALSE,FALSE,FALSE,FALSE
,,,,FALSE,FALSE,FALSE,FALSE,FALSE,FALSE
,,,,FALSE,FALSE,FALSE,FALSE,FALSE,FALSE
,,,,FALSE,FALSE,FALSE,FALSE,FALSE,FALSE
,,,,FALSE,FALSE,FALSE,FALSE,FALSE,FALSE
,,,,FALSE,FALSE,FALSE,FALSE,FALSE,FALSE
,,,,FALSE,FALSE,FALSE,FALSE,FALSE,FALSE
,,,,FALSE,FALSE,FALSE,FALSE,FALSE,FALSE
,,,,FALSE,FALSE,FALSE,FALSE,FALSE,FALSE
,,,,FALSE,FALSE,FALSE,FALSE,FALSE,FALSE
,,,,FALSE,FALSE,FALSE,FALSE,FALSE,FALSE
,,,,FALSE,FALSE,FALSE,FALSE,FALSE,FALSE
,,,,FALSE,FALSE,FALSE,FALSE,FALSE,FALSE
,,,,FALSE,FALSE,FALSE,FALSE,FALSE,FALSE
,,,,FALSE,FALSE,FALSE,FALSE,FALSE,FALSE
,,,,FALSE,FALSE,FALSE,FALSE,FALSE,FALSE
,,,,FALSE,FALSE,FALSE,FALSE,FALSE,FALSE
,,,,FALSE,FALSE,FALSE,FALSE,FALSE,FALSE
,,,,FALSE,FALSE,FALSE,FALSE,FALSE,FALSE
,,,,FALSE,FALSE,FALSE,FALSE,FALSE,FALSE
,,,,FALSE,FALSE,FALSE,FALSE,FALSE,FALSE
,,,,FALSE,FALSE,FALSE,FALSE,FALSE,FALSE
,,,,FALSE,FALSE,FALSE,FALSE,FALSE,FALSE
,,,,FALSE,FALSE,FALSE,FALSE,FALSE,FALSE
,,,,FALSE,FALSE,FALSE,FALSE,FALSE,FALSE
,,,,FALSE,FALSE,FALSE,FALSE,FALSE,FALSE
,,,,FALSE,FALSE,FALSE,FALSE,FALSE,FALSE
,,,,FALSE,FALSE,FALSE,FALSE,FALSE,FALSE
,,,,FALSE,FALSE,FALSE,FALSE,FALSE,FALSE
,,,,FALSE,FALSE,FALSE,FALSE,FALSE,FALSE
,,,,FALSE,FALSE,FALSE,FALSE,FALSE,FALSE
,,,,FALSE,FALSE,FALSE,FALSE,FALSE,FALSE
,,,,FALSE,FALSE,FALSE,FALSE,FALSE,FALSE
,,,,FALSE,FALSE,FALSE,FALSE,FALSE,FALSE
,,,,FALSE,FALSE,FALSE,FALSE,FALSE,FALSE
,,,,FALSE,FALSE,FALSE,FALSE,FALSE,FALSE
,,,,FALSE,FALSE,FALSE,FALSE,FALSE,FALSE
,,,,FALSE,FALSE,FALSE,FALSE,FALSE,FALSE
,,,,FALSE,FALSE,FALSE,FALSE,FALSE,FALSE
,,,,FALSE,FALSE,FALSE,FALSE,FALSE,FALSE
,,,,FALSE,FALSE,FALSE,FALSE,FALSE,FALSE
,,,,FALSE,FALSE,FALSE,FALSE,FALSE,FALSE
,,,,FALSE,FALSE,FALSE,FALSE,FALSE,FALSE
,,,,FALSE,FALSE,FALSE,FALSE,FALSE,FALSE
,,,,FALSE,FALSE,FALSE,FALSE,FALSE,FALSE
,,,,FALSE,FALSE,FALSE,FALSE,FALSE,FALSE
,,,,FALSE,FALSE,FALSE,FALSE,FALSE,FALSE
,,,,FALSE,FALSE,FALSE,FALSE,FALSE,FALSE
,,,,FALSE,FALSE,FALSE,FALSE,FALSE,FALSE
,,,,FALSE,FALSE,FALSE,FALSE,FALSE,FALSE
,,,,FALSE,FALSE,FALSE,FALSE,FALSE,FALSE
,,,,FALSE,FALSE,FALSE,FALSE,FALSE,FALSE
,,,,FALSE,FALSE,FALSE,FALSE,FALSE,FALSE
,,,,FALSE,FALSE,FALSE,FALSE,FALSE,FALSE
,,,,FALSE,FALSE,FALSE,FALSE,FALSE,FALSE
,,,,FALSE,FALSE,FALSE,FALSE,FALSE,FALSE
,,,,FALSE,FALSE,FALSE,FALSE,FALSE,FALSE
,,,,FALSE,FALSE,FALSE,FALSE,FALSE,FALSE
,,,,FALSE,FALSE,FALSE,FALSE,FALSE,FALSE
,,,,FALSE,FALSE,FALSE,FALSE,FALSE,FALSE
,,,,FALSE,FALSE,FALSE,FALSE,FALSE,FALSE
,,,,FALSE,FALSE,FALSE,FALSE,FALSE,FALSE
,,,,FALSE,FALSE,FALSE,FALSE,FALSE,FALSE
,,,,FALSE,FALSE,FALSE,FALSE,FALSE,FALSE
,,,,FALSE,FALSE,FALSE,FALSE,FALSE,FALSE
,,,,FALSE,FALSE,FALSE,FALSE,FALSE,FALSE
,,,,FALSE,FALSE,FALSE,FALSE,FALSE,FALSE
,,,,FALSE,FALSE,FALSE,FALSE,FALSE,FALSE
,,,,FALSE,FALSE,FALSE,FALSE,FALSE,FALSE
,,,,FALSE,FALSE,FALSE,FALSE,FALSE,FALSE
,,,,FALSE,FALSE,FALSE,FALSE,FALSE,FALSE
,,,,FALSE,FALSE,FALSE,FALSE,FALSE,FALSE
,,,,FALSE,FALSE,FALSE,FALSE,FALSE,FALSE
,,,,FALSE,FALSE,FALSE,FALSE,FALSE,FALSE
,,,,FALSE,FALSE,FALSE,FALSE,FALSE,FALSE
,,,,FALSE,FALSE,FALSE,FALSE,FALSE,FALSE
,,,,FALSE,FALSE,FALSE,FALSE,FALSE,FALSE
,,,,FALSE,FALSE,FALSE,FALSE,FALSE,FALSE
,,,,FALSE,FALSE,FALSE,FALSE,FALSE,FALSE
,,,,FALSE,FALSE,FALSE,FALSE,FALSE,FALSE
,,,,FALSE,FALSE,FALSE,FALSE,FALSE,FALSE
,,,,FALSE,FALSE,FALSE,FALSE,FALSE,FALSE
,,,,FALSE,FALSE,FALSE,FALSE,FALSE,FALSE
,,,,FALSE,FALSE,FALSE,FALSE,FALSE,FALSE
,,,,FALSE,FALSE,FALSE,FALSE,FALSE,FALSE
,,,,FALSE,FALSE,FALSE,FALSE,FALSE,FALSE
,,,,FALSE,FALSE,FALSE,FALSE,FALSE,FALSE
,,,,FALSE,FALSE,FALSE,FALSE,FALSE,FALSE
,,,,FALSE,FALSE,FALSE,FALSE,FALSE,FALSE
,,,,FALSE,FALSE,FALSE,FALSE,FALSE,FALSE
,,,,FALSE,FALSE,FALSE,FALSE,FALSE,FALSE
,,,,FALSE,FALSE,FALSE,FALSE,FALSE,FALSE
,,,,FALSE,FALSE,FALSE,FALSE,FALSE,FALSE
,,,,FALSE,FALSE,FALSE,FALSE,FALSE,FALSE
,,,,FALSE,FALSE,FALSE,FALSE,FALSE,FALSE
,,,,FALSE,FALSE,FALSE,FALSE,FALSE,FALSE
,,,,FALSE,FALSE,FALSE,FALSE,FALSE,FALSE
,,,,FALSE,FALSE,FALSE,FALSE,FALSE,FALSE
,,,,FALSE,FALSE,FALSE,FALSE,FALSE,FALSE
,,,,FALSE,FALSE,FALSE,FALSE,FALSE,FALSE
,,,,FALSE,FALSE,FALSE,FALSE,FALSE,FALSE
,,,,FALSE,FALSE,FALSE,FALSE,FALSE,FALSE
,,,,FALSE,FALSE,FALSE,FALSE,FALSE,FALSE
,,,,FALSE,FALSE,FALSE,FALSE,FALSE,FALSE
,,,,FALSE,FALSE,FALSE,FALSE,FALSE,FALSE
,,,,FALSE,FALSE,FALSE,FALSE,FALSE,FALSE
,,,,FALSE,FALSE,FALSE,FALSE,FALSE,FALSE
,,,,FALSE,FALSE,FALSE,FALSE,FALSE,FALSE
,,,,FALSE,FALSE,FALSE,FALSE,FALSE,FALSE
,,,,FALSE,FALSE,FALSE,FALSE,FALSE,FALSE
,,,,FALSE,FALSE,FALSE,FALSE,FALSE,FALSE
,,,,FALSE,FALSE,FALSE,FALSE,FALSE,FALSE
,,,,FALSE,FALSE,FALSE,FALSE,FALSE,FALSE
,,,,FALSE,FALSE,FALSE,FALSE,FALSE,FALSE
,,,,FALSE,FALSE,FALSE,FALSE,FALSE,FALSE
,,,,FALSE,FALSE,FALSE,FALSE,FALSE,FALSE
,,,,FALSE,FALSE,FALSE,FALSE,FALSE,FALSE
,,,,FALSE,FALSE,FALSE,FALSE,FALSE,FALSE
,,,,FALSE,FALSE,FALSE,FALSE,FALSE,FALSE
,,,,FALSE,FALSE,FALSE,FALSE,FALSE,FALSE
,,,,FALSE,FALSE,FALSE,FALSE,FALSE,FALSE
,,,,FALSE,FALSE,FALSE,FALSE,FALSE,FALSE
,,,,FALSE,FALSE,FALSE,FALSE,FALSE,FALSE
,,,,FALSE,FALSE,FALSE,FALSE,FALSE,FALSE
,,,,FALSE,FALSE,FALSE,FALSE,FALSE,FALSE
,,,,FALSE,FALSE,FALSE,FALSE,FALSE,FALSE
,,,,FALSE,FALSE,FALSE,FALSE,FALSE,FALSE
,,,,FALSE,FALSE,FALSE,FALSE,FALSE,FALSE
,,,,FALSE,FALSE,FALSE,FALSE,FALSE,FALSE
,,,,FALSE,FALSE,FALSE,FALSE,FALSE,FALSE
,,,,FALSE,FALSE,FALSE,FALSE,FALSE,FALSE
,,,,FALSE,FALSE,FALSE,FALSE,FALSE,FALSE
,,,,FALSE,FALSE,FALSE,FALSE,FALSE,FALSE
,,,,FALSE,FALSE,FALSE,FALSE,FALSE,FALSE
,,,,FALSE,FALSE,FALSE,FALSE,FALSE,FALSE
,,,,FALSE,FALSE,FALSE,FALSE,FALSE,FALSE
,,,,FALSE,FALSE,FALSE,FALSE,FALSE,FALSE
,,,,FALSE,FALSE,FALSE,FALSE,FALSE,FALSE
,,,,FALSE,FALSE,FALSE,FALSE,FALSE,FALSE
,,,,FALSE,FALSE,FALSE,FALSE,FALSE,FALSE
,,,,FALSE,FALSE,FALSE,FALSE,FALSE,FALSE
,,,,FALSE,FALSE,FALSE,FALSE,FALSE,FALSE
,,,,FALSE,FALSE,FALSE,FALSE,FALSE,FALSE
,,,,FALSE,FALSE,FALSE,FALSE,FALSE,FALSE
,,,,FALSE,FALSE,FALSE,FALSE,FALSE,FALSE
,,,,FALSE,FALSE,FALSE,FALSE,FALSE,FALSE
,,,,FALSE,FALSE,FALSE,FALSE,FALSE,FALSE
,,,,FALSE,FALSE,FALSE,FALSE,FALSE,FALSE
,,,,FALSE,FALSE,FALSE,FALSE,FALSE,FALSE
,,,,FALSE,FALSE,FALSE,FALSE,FALSE,FALSE
,,,,FALSE,FALSE,FALSE,FALSE,FALSE,FALSE
,,,,FALSE,FALSE,FALSE,FALSE,FALSE,FALSE
,,,,FALSE,FALSE,FALSE,FALSE,FALSE,FALSE
,,,,FALSE,FALSE,FALSE,FALSE,FALSE,FALSE
,,,,FALSE,FALSE,FALSE,FALSE,FALSE,FALSE
,,,,FALSE,FALSE,FALSE,FALSE,FALSE,FALSE
,,,,FALSE,FALSE,FALSE,FALSE,FALSE,FALSE
,,,,FALSE,FALSE,FALSE,FALSE,FALSE,FALSE
,,,,FALSE,FALSE,FALSE,FALSE,FALSE,FALSE
,,,,FALSE,FALSE,FALSE,FALSE,FALSE,FALSE
,,,,FALSE,FALSE,FALSE,FALSE,FALSE,FALSE
,,,,FALSE,FALSE,FALSE,FALSE,FALSE,FALSE
,,,,FALSE,FALSE,FALSE,FALSE,FALSE,FALSE
,,,,FALSE,FALSE,FALSE,FALSE,FALSE,FALSE
,,,,FALSE,FALSE,FALSE,FALSE,FALSE,FALSE
,,,,FALSE,FALSE,FALSE,FALSE,FALSE,FALSE
,,,,FALSE,FALSE,FALSE,FALSE,FALSE,FALSE
,,,,FALSE,FALSE,FALSE,FALSE,FALSE,FALSE
,,,,FALSE,FALSE,FALSE,FALSE,FALSE,FALSE
,,,,FALSE,FALSE,FALSE,FALSE,FALSE,FALSE
,,,,FALSE,FALSE,FALSE,FALSE,FALSE,FALSE
,,,,FALSE,FALSE,FALSE,FALSE,FALSE,FALSE
,,,,FALSE,FALSE,FALSE,FALSE,FALSE,FALSE
,,,,FALSE,FALSE,FALSE,FALSE,FALSE,FALSE
,,,,FALSE,FALSE,FALSE,FALSE,FALSE,FALSE
,,,,FALSE,FALSE,FALSE,FALSE,FALSE,FALSE
,,,,FALSE,FALSE,FALSE,FALSE,FALSE,FALSE
,,,,FALSE,FALSE,FALSE,FALSE,FALSE,FALSE
,,,,FALSE,FALSE,FALSE,FALSE,FALSE,FALSE
,,,,FALSE,FALSE,FALSE,FALSE,FALSE,FALSE
,,,,FALSE,FALSE,FALSE,FALSE,FALSE,FALSE
,,,,FALSE,FALSE,FALSE,FALSE,FALSE,FALSE
,,,,FALSE,FALSE,FALSE,FALSE,FALSE,FALSE
,,,,FALSE,FALSE,FALSE,FALSE,FALSE,FALSE
,,,,FALSE,FALSE,FALSE,FALSE,FALSE,FALSE
,,,,FALSE,FALSE,FALSE,FALSE,FALSE,FALSE
,,,,FALSE,FALSE,FALSE,FALSE,FALSE,FALSE
,,,,FALSE,FALSE,FALSE,FALSE,FALSE,FALSE
,,,,FALSE,FALSE,FALSE,FALSE,FALSE,FALSE
,,,,FALSE,FALSE,FALSE,FALSE,FALSE,FALSE
,,,,FALSE,FALSE,FALSE,FALSE,FALSE,FALSE
,,,,FALSE,FALSE,FALSE,FALSE,FALSE,FALSE
,,,,FALSE,FALSE,FALSE,FALSE,FALSE,FALSE
,,,,FALSE,FALSE,FALSE,FALSE,FALSE,FALSE
,,,,FALSE,FALSE,FALSE,FALSE,FALSE,FALSE
,,,,FALSE,FALSE,FALSE,FALSE,FALSE,FALSE
,,,,FALSE,FALSE,FALSE,FALSE,FALSE,FALSE
,,,,FALSE,FALSE,FALSE,FALSE,FALSE,FALSE
,,,,FALSE,FALSE,FALSE,FALSE,FALSE,FALSE
,,,,FALSE,FALSE,FALSE,FALSE,FALSE,FALSE
,,,,FALSE,FALSE,FALSE,FALSE,FALSE,FALSE
,,,,FALSE,FALSE,FALSE,FALSE,FALSE,FALSE
,,,,FALSE,FALSE,FALSE,FALSE,FALSE,FALSE
,,,,FALSE,FALSE,FALSE,FALSE,FALSE,FALSE
,,,,FALSE,FALSE,FALSE,FALSE,FALSE,FALSE
,,,,FALSE,FALSE,FALSE,FALSE,FALSE,FALSE
,,,,FALSE,FALSE,FALSE,FALSE,FALSE,FALSE
,,,,FALSE,FALSE,FALSE,FALSE,FALSE,FALSE
,,,,FALSE,FALSE,FALSE,FALSE,FALSE,FALSE
,,,,FALSE,FALSE,FALSE,FALSE,FALSE,FALSE
,,,,FALSE,FALSE,FALSE,FALSE,FALSE,FALSE
,,,,FALSE,FALSE,FALSE,FALSE,FALSE,FALSE
,,,,FALSE,FALSE,FALSE,FALSE,FALSE,FALSE
,,,,FALSE,FALSE,FALSE,FALSE,FALSE,FALSE
,,,,FALSE,FALSE,FALSE,FALSE,FALSE,FALSE
,,,,FALSE,FALSE,FALSE,FALSE,FALSE,FALSE
,,,,FALSE,FALSE,FALSE,FALSE,FALSE,FALSE
,,,,FALSE,FALSE,FALSE,FALSE,FALSE,FALSE
,,,,FALSE,FALSE,FALSE,FALSE,FALSE,FALSE
,,,,FALSE,FALSE,FALSE,FALSE,FALSE,FALSE
,,,,FALSE,FALSE,FALSE,FALSE,FALSE,FALSE
,,,,FALSE,FALSE,FALSE,FALSE,FALSE,FALSE
,,,,FALSE,FALSE,FALSE,FALSE,FALSE,FALSE
,,,,FALSE,FALSE,FALSE,FALSE,FALSE,FALSE
,,,,FALSE,FALSE,FALSE,FALSE,FALSE,FALSE
,,,,FALSE,FALSE,FALSE,FALSE,FALSE,FALSE
,,,,FALSE,FALSE,FALSE,FALSE,FALSE,FALSE
,,,,FALSE,FALSE,FALSE,FALSE,FALSE,FALSE
,,,,FALSE,FALSE,FALSE,FALSE,FALSE,FALSE
,,,,FALSE,FALSE,FALSE,FALSE,FALSE,FALSE
,,,,FALSE,FALSE,FALSE,FALSE,FALSE,FALSE
,,,,FALSE,FALSE,FALSE,FALSE,FALSE,FALSE
,,,,FALSE,FALSE,FALSE,FALSE,FALSE,FALSE
,,,,FALSE,FALSE,FALSE,FALSE,FALSE,FALSE
,,,,FALSE,FALSE,FALSE,FALSE,FALSE,FALSE
,,,,FALSE,FALSE,FALSE,FALSE,FALSE,FALSE
,,,,FALSE,FALSE,FALSE,FALSE,FALSE,FALSE
,,,,FALSE,FALSE,FALSE,FALSE,FALSE,FALSE
,,,,FALSE,FALSE,FALSE,FALSE,FALSE,FALSE
,,,,FALSE,FALSE,FALSE,FALSE,FALSE,FALSE
,,,,FALSE,FALSE,FALSE,FALSE,FALSE,FALSE
,,,,FALSE,FALSE,FALSE,FALSE,FALSE,FALSE
,,,,FALSE,FALSE,FALSE,FALSE,FALSE,FALSE
,,,,FALSE,FALSE,FALSE,FALSE,FALSE,FALSE
,,,,FALSE,FALSE,FALSE,FALSE,FALSE,FALSE
,,,,FALSE,FALSE,FALSE,FALSE,FALSE,FALSE
,,,,FALSE,FALSE,FALSE,FALSE,FALSE,FALSE
,,,,FALSE,FALSE,FALSE,FALSE,FALSE,FALSE
,,,,FALSE,FALSE,FALSE,FALSE,FALSE,FALSE
,,,,FALSE,FALSE,FALSE,FALSE,FALSE,FALSE
,,,,FALSE,FALSE,FALSE,FALSE,FALSE,FALSE
,,,,FALSE,FALSE,FALSE,FALSE,FALSE,FALSE
,,,,FALSE,FALSE,FALSE,FALSE,FALSE,FALSE
,,,,FALSE,FALSE,FALSE,FALSE,FALSE,FALSE
,,,,FALSE,FALSE,FALSE,FALSE,FALSE,FALSE
,,,,FALSE,FALSE,FALSE,FALSE,FALSE,FALSE
,,,,FALSE,FALSE,FALSE,FALSE,FALSE,FALSE
,,,,FALSE,FALSE,FALSE,FALSE,FALSE,FALSE
,,,,FALSE,FALSE,FALSE,FALSE,FALSE,FALSE
,,,,FALSE,FALSE,FALSE,FALSE,FALSE,FALSE
,,,,FALSE,FALSE,FALSE,FALSE,FALSE,FALSE
,,,,FALSE,FALSE,FALSE,FALSE,FALSE,FALSE
,,,,FALSE,FALSE,FALSE,FALSE,FALSE,FALSE
,,,,FALSE,FALSE,FALSE,FALSE,FALSE,FALSE
,,,,FALSE,FALSE,FALSE,FALSE,FALSE,FALSE
,,,,FALSE,FALSE,FALSE,FALSE,FALSE,FALSE
,,,,FALSE,FALSE,FALSE,FALSE,FALSE,FALSE
,,,,FALSE,FALSE,FALSE,FALSE,FALSE,FALSE
,,,,FALSE,FALSE,FALSE,FALSE,FALSE,FALSE
,,,,FALSE,FALSE,FALSE,FALSE,FALSE,FALSE
,,,,FALSE,FALSE,FALSE,FALSE,FALSE,FALSE
,,,,FALSE,FALSE,FALSE,FALSE,FALSE,FALSE
,,,,FALSE,FALSE,FALSE,FALSE,FALSE,FALSE
,,,,FALSE,FALSE,FALSE,FALSE,FALSE,FALSE
,,,,FALSE,FALSE,FALSE,FALSE,FALSE,FALSE
,,,,FALSE,FALSE,FALSE,FALSE,FALSE,FALSE
,,,,FALSE,FALSE,FALSE,FALSE,FALSE,FALSE
,,,,FALSE,FALSE,FALSE,FALSE,FALSE,FALSE
,,,,FALSE,FALSE,FALSE,FALSE,FALSE,FALSE
,,,,FALSE,FALSE,FALSE,FALSE,FALSE,FALSE
,,,,FALSE,FALSE,FALSE,FALSE,FALSE,FALSE
,,,,FALSE,FALSE,FALSE,FALSE,FALSE,FALSE
,,,,FALSE,FALSE,FALSE,FALSE,FALSE,FALSE
,,,,FALSE,FALSE,FALSE,FALSE,FALSE,FALSE
,,,,FALSE,FALSE,FALSE,FALSE,FALSE,FALSE
,,,,FALSE,FALSE,FALSE,FALSE,FALSE,FALSE
,,,,FALSE,FALSE,FALSE,FALSE,FALSE,FALSE
,,,,FALSE,FALSE,FALSE,FALSE,FALSE,FALSE
,,,,FALSE,FALSE,FALSE,FALSE,FALSE,FALSE
,,,,FALSE,FALSE,FALSE,FALSE,FALSE,FALSE
,,,,FALSE,FALSE,FALSE,FALSE,FALSE,FALSE
,,,,FALSE,FALSE,FALSE,FALSE,FALSE,FALSE
,,,,FALSE,FALSE,FALSE,FALSE,FALSE,FALSE
,,,,FALSE,FALSE,FALSE,FALSE,FALSE,FALSE
,,,,FALSE,FALSE,FALSE,FALSE,FALSE,FALSE
,,,,FALSE,FALSE,FALSE,FALSE,FALSE,FALSE
,,,,FALSE,FALSE,FALSE,FALSE,FALSE,FALSE
,,,,FALSE,FALSE,FALSE,FALSE,FALSE,FALSE
,,,,FALSE,FALSE,FALSE,FALSE,FALSE,FALSE
,,,,FALSE,FALSE,FALSE,FALSE,FALSE,FALSE
,,,,FALSE,FALSE,FALSE,FALSE,FALSE,FALSE
,,,,FALSE,FALSE,FALSE,FALSE,FALSE,FALSE
,,,,FALSE,FALSE,FALSE,FALSE,FALSE,FALSE
,,,,FALSE,FALSE,FALSE,FALSE,FALSE,FALSE
,,,,FALSE,FALSE,FALSE,FALSE,FALSE,FALSE
,,,,FALSE,FALSE,FALSE,FALSE,FALSE,FALSE
,,,,FALSE,FALSE,FALSE,FALSE,FALSE,FALSE
,,,,FALSE,FALSE,FALSE,FALSE,FALSE,FALSE
,,,,FALSE,FALSE,FALSE,FALSE,FALSE,FALSE
,,,,FALSE,FALSE,FALSE,FALSE,FALSE,FALSE
,,,,FALSE,FALSE,FALSE,FALSE,FALSE,FALSE
,,,,FALSE,FALSE,FALSE,FALSE,FALSE,FALSE
,,,,FALSE,FALSE,FALSE,FALSE,FALSE,FALSE
,,,,FALSE,FALSE,FALSE,FALSE,FALSE,FALSE
,,,,FALSE,FALSE,FALSE,FALSE,FALSE,FALSE
,,,,FALSE,FALSE,FALSE,FALSE,FALSE,FALSE
,,,,FALSE,FALSE,FALSE,FALSE,FALSE,FALSE
,,,,FALSE,FALSE,FALSE,FALSE,FALSE,FALSE
,,,,FALSE,FALSE,FALSE,FALSE,FALSE,FALSE
,,,,FALSE,FALSE,FALSE,FALSE,FALSE,FALSE
,,,,FALSE,FALSE,FALSE,FALSE,FALSE,FALSE
,,,,FALSE,FALSE,FALSE,FALSE,FALSE,FALSE
,,,,FALSE,FALSE,FALSE,FALSE,FALSE,FALSE
,,,,FALSE,FALSE,FALSE,FALSE,FALSE,FALSE
,,,,FALSE,FALSE,FALSE,FALSE,FALSE,FALSE
,,,,FALSE,FALSE,FALSE,FALSE,FALSE,FALSE
,,,,FALSE,FALSE,FALSE,FALSE,FALSE,FALSE
,,,,FALSE,FALSE,FALSE,FALSE,FALSE,FALSE
,,,,FALSE,FALSE,FALSE,FALSE,FALSE,FALSE
,,,,FALSE,FALSE,FALSE,FALSE,FALSE,FALSE
,,,,FALSE,FALSE,FALSE,FALSE,FALSE,FALSE
,,,,FALSE,FALSE,FALSE,FALSE,FALSE,FALSE
,,,,FALSE,FALSE,FALSE,FALSE,FALSE,FALSE
,,,,FALSE,FALSE,FALSE,FALSE,FALSE,FALSE
,,,,FALSE,FALSE,FALSE,FALSE,FALSE,FALSE
,,,,FALSE,FALSE,FALSE,FALSE,FALSE,FALSE
,,,,FALSE,FALSE,FALSE,FALSE,FALSE,FALSE
,,,,FALSE,FALSE,FALSE,FALSE,FALSE,FALSE
,,,,FALSE,FALSE,FALSE,FALSE,FALSE,FALSE
,,,,FALSE,FALSE,FALSE,FALSE,FALSE,FALSE
,,,,FALSE,FALSE,FALSE,FALSE,FALSE,FALSE
,,,,FALSE,FALSE,FALSE,FALSE,FALSE,FALSE
,,,,FALSE,FALSE,FALSE,FALSE,FALSE,FALSE
,,,,FALSE,FALSE,FALSE,FALSE,FALSE,FALSE
,,,,FALSE,FALSE,FALSE,FALSE,FALSE,FALSE
,,,,FALSE,FALSE,FALSE,FALSE,FALSE,FALSE
,,,,FALSE,FALSE,FALSE,FALSE,FALSE,FALSE
,,,,FALSE,FALSE,FALSE,FALSE,FALSE,FALSE
,,,,FALSE,FALSE,FALSE,FALSE,FALSE,FALSE
,,,,FALSE,FALSE,FALSE,FALSE,FALSE,FALSE
,,,,FALSE,FALSE,FALSE,FALSE,FALSE,FALSE
,,,,FALSE,FALSE,FALSE,FALSE,FALSE,FALSE
,,,,FALSE,FALSE,FALSE,FALSE,FALSE,FALSE
,,,,FALSE,FALSE,FALSE,FALSE,FALSE,FALSE
,,,,FALSE,FALSE,FALSE,FALSE,FALSE,FALSE
,,,,FALSE,FALSE,FALSE,FALSE,FALSE,FALSE
,,,,FALSE,FALSE,FALSE,FALSE,FALSE,FALSE
,,,,FALSE,FALSE,FALSE,FALSE,FALSE,FALSE
,,,,FALSE,FALSE,FALSE,FALSE,FALSE,FALSE
,,,,FALSE,FALSE,FALSE,FALSE,FALSE,FALSE
,,,,FALSE,FALSE,FALSE,FALSE,FALSE,FALSE
,,,,FALSE,FALSE,FALSE,FALSE,FALSE,FALSE
,,,,FALSE,FALSE,FALSE,FALSE,FALSE,FALSE
,,,,FALSE,FALSE,FALSE,FALSE,FALSE,FALSE
,,,,FALSE,FALSE,FALSE,FALSE,FALSE,FALSE
,,,,FALSE,FALSE,FALSE,FALSE,FALSE,FALSE
,,,,FALSE,FALSE,FALSE,FALSE,FALSE,FALSE
,,,,FALSE,FALSE,FALSE,FALSE,FALSE,FALSE
,,,,FALSE,FALSE,FALSE,FALSE,FALSE,FALSE
,,,,FALSE,FALSE,FALSE,FALSE,FALSE,FALSE
,,,,FALSE,FALSE,FALSE,FALSE,FALSE,FALSE
,,,,FALSE,FALSE,FALSE,FALSE,FALSE,FALSE
,,,,FALSE,FALSE,FALSE,FALSE,FALSE,FALSE
,,,,FALSE,FALSE,FALSE,FALSE,FALSE,FALSE
,,,,FALSE,FALSE,FALSE,FALSE,FALSE,FALSE
,,,,FALSE,FALSE,FALSE,FALSE,FALSE,FALSE
,,,,FALSE,FALSE,FALSE,FALSE,FALSE,FALSE
,,,,FALSE,FALSE,FALSE,FALSE,FALSE,FALSE
,,,,FALSE,FALSE,FALSE,FALSE,FALSE,FALSE
,,,,FALSE,FALSE,FALSE,FALSE,FALSE,FALSE
,,,,FALSE,FALSE,FALSE,FALSE,FALSE,FALSE
,,,,FALSE,FALSE,FALSE,FALSE,FALSE,FALSE
,,,,FALSE,FALSE,FALSE,FALSE,FALSE,FALSE
,,,,FALSE,FALSE,FALSE,FALSE,FALSE,FALSE
,,,,FALSE,FALSE,FALSE,FALSE,FALSE,FALSE
,,,,FALSE,FALSE,FALSE,FALSE,FALSE,FALSE
,,,,FALSE,FALSE,FALSE,FALSE,FALSE,FALSE
,,,,FALSE,FALSE,FALSE,FALSE,FALSE,FALSE
,,,,FALSE,FALSE,FALSE,FALSE,FALSE,FALSE
,,,,FALSE,FALSE,FALSE,FALSE,FALSE,FALSE
,,,,FALSE,FALSE,FALSE,FALSE,FALSE,FALSE
,,,,FALSE,FALSE,FALSE,FALSE,FALSE,FALSE
,,,,FALSE,FALSE,FALSE,FALSE,FALSE,FALSE
,,,,FALSE,FALSE,FALSE,FALSE,FALSE,FALSE
,,,,FALSE,FALSE,FALSE,FALSE,FALSE,FALSE
,,,,FALSE,FALSE,FALSE,FALSE,FALSE,FALSE
,,,,FALSE,FALSE,FALSE,FALSE,FALSE,FALSE
,,,,FALSE,FALSE,FALSE,FALSE,FALSE,FALSE
,,,,FALSE,FALSE,FALSE,FALSE,FALSE,FALSE
,,,,FALSE,FALSE,FALSE,FALSE,FALSE,FALSE
,,,,FALSE,FALSE,FALSE,FALSE,FALSE,FALSE
,,,,FALSE,FALSE,FALSE,FALSE,FALSE,FALSE
,,,,FALSE,FALSE,FALSE,FALSE,FALSE,FALSE
,,,,FALSE,FALSE,FALSE,FALSE,FALSE,FALSE
,,,,FALSE,FALSE,FALSE,FALSE,FALSE,FALSE
,,,,FALSE,FALSE,FALSE,FALSE,FALSE,FALSE
,,,,FALSE,FALSE,FALSE,FALSE,FALSE,FALSE
,,,,FALSE,FALSE,FALSE,FALSE,FALSE,FALSE
,,,,FALSE,FALSE,FALSE,FALSE,FALSE,FALSE
,,,,FALSE,FALSE,FALSE,FALSE,FALSE,FALSE
,,,,FALSE,FALSE,FALSE,FALSE,FALSE,FALSE
,,,,FALSE,FALSE,FALSE,FALSE,FALSE,FALSE
,,,,FALSE,FALSE,FALSE,FALSE,FALSE,FALSE
,,,,FALSE,FALSE,FALSE,FALSE,FALSE,FALSE
,,,,FALSE,FALSE,FALSE,FALSE,FALSE,FALSE
,,,,FALSE,FALSE,FALSE,FALSE,FALSE,FALSE
,,,,FALSE,FALSE,FALSE,FALSE,FALSE,FALSE
,,,,FALSE,FALSE,FALSE,FALSE,FALSE,FALSE
,,,,FALSE,FALSE,FALSE,FALSE,FALSE,FALSE
,,,,FALSE,FALSE,FALSE,FALSE,FALSE,FALSE
,,,,FALSE,FALSE,FALSE,FALSE,FALSE,FALSE
,,,,FALSE,FALSE,FALSE,FALSE,FALSE,FALSE
,,,,FALSE,FALSE,FALSE,FALSE,FALSE,FALSE
,,,,FALSE,FALSE,FALSE,FALSE,FALSE,FALSE
,,,,FALSE,FALSE,FALSE,FALSE,FALSE,FALSE
,,,,FALSE,FALSE,FALSE,FALSE,FALSE,FALSE
,,,,FALSE,FALSE,FALSE,FALSE,FALSE,FALSE
,,,,FALSE,FALSE,FALSE,FALSE,FALSE,FALSE
,,,,FALSE,FALSE,FALSE,FALSE,FALSE,FALSE
,,,,FALSE,FALSE,FALSE,FALSE,FALSE,FALSE
,,,,FALSE,FALSE,FALSE,FALSE,FALSE,FALSE
,,,,FALSE,FALSE,FALSE,FALSE,FALSE,FALSE
,,,,FALSE,FALSE,FALSE,FALSE,FALSE,FALSE
,,,,FALSE,FALSE,FALSE,FALSE,FALSE,FALSE
,,,,FALSE,FALSE,FALSE,FALSE,FALSE,FALSE
,,,,FALSE,FALSE,FALSE,FALSE,FALSE,FALSE
,,,,FALSE,FALSE,FALSE,FALSE,FALSE,FALSE
,,,,FALSE,FALSE,FALSE,FALSE,FALSE,FALSE
,,,,FALSE,FALSE,FALSE,FALSE,FALSE,FALSE
,,,,FALSE,FALSE,FALSE,FALSE,FALSE,FALSE
,,,,FALSE,FALSE,FALSE,FALSE,FALSE,FALSE
,,,,FALSE,FALSE,FALSE,FALSE,FALSE,FALSE
,,,,FALSE,FALSE,FALSE,FALSE,FALSE,FALSE
,,,,FALSE,FALSE,FALSE,FALSE,FALSE,FALSE
,,,,FALSE,FALSE,FALSE,FALSE,FALSE,FALSE
,,,,FALSE,FALSE,FALSE,FALSE,FALSE,FALSE
,,,,FALSE,FALSE,FALSE,FALSE,FALSE,FALSE
,,,,FALSE,FALSE,FALSE,FALSE,FALSE,FALSE
,,,,FALSE,FALSE,FALSE,FALSE,FALSE,FALSE
,,,,FALSE,FALSE,FALSE,FALSE,FALSE,FALSE
,,,,FALSE,FALSE,FALSE,FALSE,FALSE,FALSE
,,,,FALSE,FALSE,FALSE,FALSE,FALSE,FALSE
,,,,FALSE,FALSE,FALSE,FALSE,FALSE,FALSE
,,,,FALSE,FALSE,FALSE,FALSE,FALSE,FALSE
,,,,FALSE,FALSE,FALSE,FALSE,FALSE,FALSE
,,,,FALSE,FALSE,FALSE,FALSE,FALSE,FALSE
,,,,FALSE,FALSE,FALSE,FALSE,FALSE,FALSE
,,,,FALSE,FALSE,FALSE,FALSE,FALSE,FALSE
,,,,FALSE,FALSE,FALSE,FALSE,FALSE,FALSE
,,,,FALSE,FALSE,FALSE,FALSE,FALSE,FALSE
,,,,FALSE,FALSE,FALSE,FALSE,FALSE,FALSE
,,,,FALSE,FALSE,FALSE,FALSE,FALSE,FALSE
,,,,FALSE,FALSE,FALSE,FALSE,FALSE,FALSE
,,,,FALSE,FALSE,FALSE,FALSE,FALSE,FALSE
,,,,FALSE,FALSE,FALSE,FALSE,FALSE,FALSE
,,,,FALSE,FALSE,FALSE,FALSE,FALSE,FALSE
,,,,FALSE,FALSE,FALSE,FALSE,FALSE,FALSE
,,,,FALSE,FALSE,FALSE,FALSE,FALSE,FALSE
,,,,FALSE,FALSE,FALSE,FALSE,FALSE,FALSE
,,,,FALSE,FALSE,FALSE,FALSE,FALSE,FALSE
,,,,FALSE,FALSE,FALSE,FALSE,FALSE,FALSE
,,,,FALSE,FALSE,FALSE,FALSE,FALSE,FALSE
,,,,FALSE,FALSE,FALSE,FALSE,FALSE,FALSE
,,,,FALSE,FALSE,FALSE,FALSE,FALSE,FALSE
,,,,FALSE,FALSE,FALSE,FALSE,FALSE,FALSE
,,,,FALSE,FALSE,FALSE,FALSE,FALSE,FALSE
,,,,FALSE,FALSE,FALSE,FALSE,FALSE,FALSE
,,,,FALSE,FALSE,FALSE,FALSE,FALSE,FALSE
,,,,FALSE,FALSE,FALSE,FALSE,FALSE,FALSE
,,,,FALSE,FALSE,FALSE,FALSE,FALSE,FALSE
,,,,FALSE,FALSE,FALSE,FALSE,FALSE,FALSE
,,,,FALSE,FALSE,FALSE,FALSE,FALSE,FALSE
,,,,FALSE,FALSE,FALSE,FALSE,FALSE,FALSE
,,,,FALSE,FALSE,FALSE,FALSE,FALSE,FALSE
,,,,FALSE,FALSE,FALSE,FALSE,FALSE,FALSE
,,,,FALSE,FALSE,FALSE,FALSE,FALSE,FALSE
,,,,FALSE,FALSE,FALSE,FALSE,FALSE,FALSE
,,,,FALSE,FALSE,FALSE,FALSE,FALSE,FALSE
,,,,FALSE,FALSE,FALSE,FALSE,FALSE,FALSE
,,,,FALSE,FALSE,FALSE,FALSE,FALSE,FALSE
,,,,FALSE,FALSE,FALSE,FALSE,FALSE,FALSE
,,,,FALSE,FALSE,FALSE,FALSE,FALSE,FALSE
,,,,FALSE,FALSE,FALSE,FALSE,FALSE,FALSE
,,,,FALSE,FALSE,FALSE,FALSE,FALSE,FALSE
,,,,FALSE,FALSE,FALSE,FALSE,FALSE,FALSE
,,,,FALSE,FALSE,FALSE,FALSE,FALSE,FALSE
,,,,FALSE,FALSE,FALSE,FALSE,FALSE,FALSE
,,,,FALSE,FALSE,FALSE,FALSE,FALSE,FALSE
,,,,FALSE,FALSE,FALSE,FALSE,FALSE,FALSE
,,,,FALSE,FALSE,FALSE,FALSE,FALSE,FALSE
,,,,FALSE,FALSE,FALSE,FALSE,FALSE,FALSE
,,,,FALSE,FALSE,FALSE,FALSE,FALSE,FALSE
,,,,FALSE,FALSE,FALSE,FALSE,FALSE,FALSE
,,,,FALSE,FALSE,FALSE,FALSE,FALSE,FALSE
,,,,FALSE,FALSE,FALSE,FALSE,FALSE,FALSE
,,,,FALSE,FALSE,FALSE,FALSE,FALSE,FALSE
,,,,FALSE,FALSE,FALSE,FALSE,FALSE,FALSE
,,,,FALSE,FALSE,FALSE,FALSE,FALSE,FALSE
,,,,FALSE,FALSE,FALSE,FALSE,FALSE,FALSE
,,,,FALSE,FALSE,FALSE,FALSE,FALSE,FALSE
,,,,FALSE,FALSE,FALSE,FALSE,FALSE,FALSE
,,,,FALSE,FALSE,FALSE,FALSE,FALSE,FALSE
,,,,FALSE,FALSE,FALSE,FALSE,FALSE,FALSE
,,,,FALSE,FALSE,FALSE,FALSE,FALSE,FALSE
,,,,FALSE,FALSE,FALSE,FALSE,FALSE,FALSE
,,,,FALSE,FALSE,FALSE,FALSE,FALSE,FALSE
,,,,FALSE,FALSE,FALSE,FALSE,FALSE,FALSE
,,,,FALSE,FALSE,FALSE,FALSE,FALSE,FALSE
,,,,FALSE,FALSE,FALSE,FALSE,FALSE,FALSE
,,,,FALSE,FALSE,FALSE,FALSE,FALSE,FALSE
,,,,FALSE,FALSE,FALSE,FALSE,FALSE,FALSE
,,,,FALSE,FALSE,FALSE,FALSE,FALSE,FALSE
,,,,FALSE,FALSE,FALSE,FALSE,FALSE,FALSE
,,,,FALSE,FALSE,FALSE,FALSE,FALSE,FALSE
,,,,FALSE,FALSE,FALSE,FALSE,FALSE,FALSE
,,,,FALSE,FALSE,FALSE,FALSE,FALSE,FALSE
,,,,FALSE,FALSE,FALSE,FALSE,FALSE,FALSE
,,,,FALSE,FALSE,FALSE,FALSE,FALSE,FALSE
,,,,FALSE,FALSE,FALSE,FALSE,FALSE,FALSE
,,,,FALSE,FALSE,FALSE,FALSE,FALSE,FALSE
,,,,FALSE,FALSE,FALSE,FALSE,FALSE,FALSE
,,,,FALSE,FALSE,FALSE,FALSE,FALSE,FALSE
,,,,FALSE,FALSE,FALSE,FALSE,FALSE,FALSE
,,,,FALSE,FALSE,FALSE,FALSE,FALSE,FALSE
,,,,FALSE,FALSE,FALSE,FALSE,FALSE,FALSE
,,,,FALSE,FALSE,FALSE,FALSE,FALSE,FALSE
,,,,FALSE,FALSE,FALSE,FALSE,FALSE,FALSE
,,,,FALSE,FALSE,FALSE,FALSE,FALSE,FALSE
,,,,FALSE,FALSE,FALSE,FALSE,FALSE,FALSE
,,,,FALSE,FALSE,FALSE,FALSE,FALSE,FALSE
,,,,FALSE,FALSE,FALSE,FALSE,FALSE,FALSE
,,,,FALSE,FALSE,FALSE,FALSE,FALSE,FALSE
,,,,FALSE,FALSE,FALSE,FALSE,FALSE,FALSE
,,,,FALSE,FALSE,FALSE,FALSE,FALSE,FALSE
,,,,FALSE,FALSE,FALSE,FALSE,FALSE,FALSE
,,,,FALSE,FALSE,FALSE,FALSE,FALSE,FALSE
,,,,FALSE,FALSE,FALSE,FALSE,FALSE,FALSE
,,,,FALSE,FALSE,FALSE,FALSE,FALSE,FALSE
,,,,FALSE,FALSE,FALSE,FALSE,FALSE,FALSE
,,,,FALSE,FALSE,FALSE,FALSE,FALSE,FALSE
,,,,FALSE,FALSE,FALSE,FALSE,FALSE,FALSE
,,,,FALSE,FALSE,FALSE,FALSE,FALSE,FALSE
,,,,FALSE,FALSE,FALSE,FALSE,FALSE,FALSE
,,,,FALSE,FALSE,FALSE,FALSE,FALSE,FALSE
,,,,FALSE,FALSE,FALSE,FALSE,FALSE,FALSE
,,,,FALSE,FALSE,FALSE,FALSE,FALSE,FALSE
,,,,FALSE,FALSE,FALSE,FALSE,FALSE,FALSE
,,,,FALSE,FALSE,FALSE,FALSE,FALSE,FALSE
,,,,FALSE,FALSE,FALSE,FALSE,FALSE,FALSE
,,,,FALSE,FALSE,FALSE,FALSE,FALSE,FALSE
,,,,FALSE,FALSE,FALSE,FALSE,FALSE,FALSE
,,,,FALSE,FALSE,FALSE,FALSE,FALSE,FALSE
,,,,FALSE,FALSE,FALSE,FALSE,FALSE,FALSE
,,,,FALSE,FALSE,FALSE,FALSE,FALSE,FALSE
,,,,FALSE,FALSE,FALSE,FALSE,FALSE,FALSE
,,,,FALSE,FALSE,FALSE,FALSE,FALSE,FALSE
,,,,FALSE,FALSE,FALSE,FALSE,FALSE,FALSE
,,,,FALSE,FALSE,FALSE,FALSE,FALSE,FALSE
,,,,FALSE,FALSE,FALSE,FALSE,FALSE,FALSE
,,,,FALSE,FALSE,FALSE,FALSE,FALSE,FALSE
,,,,FALSE,FALSE,FALSE,FALSE,FALSE,FALSE
,,,,FALSE,FALSE,FALSE,FALSE,FALSE,FALSE
,,,,FALSE,FALSE,FALSE,FALSE,FALSE,FALSE
,,,,FALSE,FALSE,FALSE,FALSE,FALSE,FALSE
,,,,FALSE,FALSE,FALSE,FALSE,FALSE,FALSE
,,,,FALSE,FALSE,FALSE,FALSE,FALSE,FALSE
,,,,FALSE,FALSE,FALSE,FALSE,FALSE,FALSE
,,,,FALSE,FALSE,FALSE,FALSE,FALSE,FALSE
,,,,FALSE,FALSE,FALSE,FALSE,FALSE,FALSE
,,,,FALSE,FALSE,FALSE,FALSE,FALSE,FALSE
,,,,FALSE,FALSE,FALSE,FALSE,FALSE,FALSE
,,,,FALSE,FALSE,FALSE,FALSE,FALSE,FALSE
,,,,FALSE,FALSE,FALSE,FALSE,FALSE,FALSE
,,,,FALSE,FALSE,FALSE,FALSE,FALSE,FALSE
,,,,FALSE,FALSE,FALSE,FALSE,FALSE,FALSE
,,,,FALSE,FALSE,FALSE,FALSE,FALSE,FALSE
,,,,FALSE,FALSE,FALSE,FALSE,FALSE,FALSE
,,,,FALSE,FALSE,FALSE,FALSE,FALSE,FALSE
,,,,FALSE,FALSE,FALSE,FALSE,FALSE,FALSE
,,,,FALSE,FALSE,FALSE,FALSE,FALSE,FALSE
,,,,FALSE,FALSE,FALSE,FALSE,FALSE,FALSE
,,,,FALSE,FALSE,FALSE,FALSE,FALSE,FALSE
,,,,FALSE,FALSE,FALSE,FALSE,FALSE,FALSE
,,,,FALSE,FALSE,FALSE,FALSE,FALSE,FALSE
,,,,FALSE,FALSE,FALSE,FALSE,FALSE,FALSE
,,,,FALSE,FALSE,FALSE,FALSE,FALSE,FALSE
,,,,FALSE,FALSE,FALSE,FALSE,FALSE,FALSE
,,,,FALSE,FALSE,FALSE,FALSE,FALSE,FALSE
,,,,FALSE,FALSE,FALSE,FALSE,FALSE,FALSE
,,,,FALSE,FALSE,FALSE,FALSE,FALSE,FALSE
,,,,FALSE,FALSE,FALSE,FALSE,FALSE,FALSE
,,,,FALSE,FALSE,FALSE,FALSE,FALSE,FALSE
,,,,FALSE,FALSE,FALSE,FALSE,FALSE,FALSE
,,,,FALSE,FALSE,FALSE,FALSE,FALSE,FALSE
,,,,FALSE,FALSE,FALSE,FALSE,FALSE,FALSE
,,,,FALSE,FALSE,FALSE,FALSE,FALSE,FALSE
,,,,FALSE,FALSE,FALSE,FALSE,FALSE,FALSE
,,,,FALSE,FALSE,FALSE,FALSE,FALSE,FALSE
,,,,FALSE,FALSE,FALSE,FALSE,FALSE,FALSE
,,,,FALSE,FALSE,FALSE,FALSE,FALSE,FALSE
,,,,FALSE,FALSE,FALSE,FALSE,FALSE,FALSE
,,,,FALSE,FALSE,FALSE,FALSE,FALSE,FALSE
,,,,FALSE,FALSE,FALSE,FALSE,FALSE,FALSE
,,,,FALSE,FALSE,FALSE,FALSE,FALSE,FALSE
,,,,FALSE,FALSE,FALSE,FALSE,FALSE,FALSE
,,,,FALSE,FALSE,FALSE,FALSE,FALSE,FALSE
,,,,FALSE,FALSE,FALSE,FALSE,FALSE,FALSE
,,,,FALSE,FALSE,FALSE,FALSE,FALSE,FALSE
,,,,FALSE,FALSE,FALSE,FALSE,FALSE,FALSE
,,,,FALSE,FALSE,FALSE,FALSE,FALSE,FALSE
,,,,FALSE,FALSE,FALSE,FALSE,FALSE,FALSE
,,,,FALSE,FALSE,FALSE,FALSE,FALSE,FALSE
,,,,FALSE,FALSE,FALSE,FALSE,FALSE,FALSE
,,,,FALSE,FALSE,FALSE,FALSE,FALSE,FALSE
,,,,FALSE,FALSE,FALSE,FALSE,FALSE,FALSE
,,,,FALSE,FALSE,FALSE,FALSE,FALSE,FALSE
,,,,FALSE,FALSE,FALSE,FALSE,FALSE,FALSE
,,,,FALSE,FALSE,FALSE,FALSE,FALSE,FALSE
,,,,FALSE,FALSE,FALSE,FALSE,FALSE,FALSE
,,,,FALSE,FALSE,FALSE,FALSE,FALSE,FALSE
,,,,FALSE,FALSE,FALSE,FALSE,FALSE,FALSE
,,,,FALSE,FALSE,FALSE,FALSE,FALSE,FALSE
,,,,FALSE,FALSE,FALSE,FALSE,FALSE,FALSE
,,,,FALSE,FALSE,FALSE,FALSE,FALSE,FALSE
,,,,FALSE,FALSE,FALSE,FALSE,FALSE,FALSE
,,,,FALSE,FALSE,FALSE,FALSE,FALSE,FALSE
,,,,FALSE,FALSE,FALSE,FALSE,FALSE,FALSE
,,,,FALSE,FALSE,FALSE,FALSE,FALSE,FALSE
,,,,FALSE,FALSE,FALSE,FALSE,FALSE,FALSE