Card,Song,Link,Tags
Chillin in Another World with Lv2 Super Cheat Powers,OP 1,https://youtu.be/-etBdsOmTfA?si=3hOpC0dinU69A7qT,OP
Isekai Quartet,OP 1 - Isekai Quartet,https://youtu.be/COz9Zy472Ks?si=pVSLesCjxUx23NoX,OP
Isekai Quartet,ED 1 - Girl Talk,https://youtu.be/qHV2zs9OFHE?si=gTZnXDQYSCJV9UaP,ED
Isekai Quartet,OP 2 - Isekai Showtime,https://youtu.be/qe06QmN53uo?si=Q4yYVidNO3N45Tgp,OP
Isekai Quartet,ED 2 - Ponkotsu! Isekai Theater,https://www.youtube.com/watch?v=etCXpLLNWVQ,ED
Honkai: Star Rail,Wildfire,https://www.youtube.com/watch?v=SxlW79tDhCA,Soundtrack
Honkai: Star Rail,Take the Journey,https://www.youtube.com/watch?v=3FEFtFMBREA,Soundtrack
Saga of Tanya the Evil,Jingo Jungle,https://youtu.be/voC3PvD_iZw?si=TcqS4OLo9kAcagEz,OP
Cautious Hero,Tit for Tat,https://youtu.be/BJIGk0jdJoo?si=zXKByeOS6xN7yttV,OP
Mushoku Tensei,OP 1,https://youtu.be/NFrUzUiDVDY?si=MiwbNatAQdbwnY3Q,OP
Mushoku Tensei,OP 2,https://youtu.be/ZwJZa9mrwBw?si=jk8qXNFCzgqwtguV,OP
Saga of Tanya the Evil,Los! Los! Los!,https://www.youtube.com/watch?v=ow0b-Crmr1Q,ED
Kantai Collection: KanColle,海色,https://youtu.be/Z3Gmv4_HkN4?si=YJoRhBRlNGaoHO02,OP
My Deer Friend Nokotan,Shikairo Days,https://youtu.be/P5k2Db1SRrY?si=YzIY7nyX7y6cN9nl,OP
My Deer Friend Nokotan,Ed 1,https://www.youtube.com/watch?v=ZUZUpBWxacE&list=PLODmH4ThctzZmaiDS9VJRqrbV6RtiCGUE&index=3,ED
Gyari,アカリがやってきたぞっ ,https://www.youtube.com/watch?v=tyneiz9FRMw,Vocaloid
Lucky Star,Motteke! Sailor Fuku,https://www.youtube.com/watch?v=6iseNlvH2_s,OP
Fairy Tail,Op 1,https://www.youtube.com/watch?v=9jvVBVcZ0-Y,OP
Fairy Tail,Op 3,https://www.youtube.com/watch?v=T60pzAKu60Q,OP
Fairy Tail,Op 6,https://www.youtube.com/watch?v=FwHU32HL3SE,OP
Fairy Tail,Op 8,https://www.youtube.com/watch?v=3wnfkrsmkQQ,OP
Fairy Tail,Op 9,https://www.youtube.com/watch?v=dqnpiW730xc,OP
Fairy Tail,Op 16,https://www.youtube.com/watch?v=c6zMeFHvbrI,OP
Fairy Tail,Fairy Tail Main Theme,https://www.youtube.com/watch?v=m6kb96YWXMA,Soundtrack
Honkai: Star Rail,Hope is a Thing With Feathers,https://www.youtube.com/watch?v=aPyt41nnM0k,Soundtrack
Bleach,Op 1,https://www.youtube.com/watch?v=wW9TwZdWpjw,OP
Bleach,Op 2,https://www.youtube.com/watch?v=_ECqCSc7MRU,OP
Bleach,Op 12,https://www.youtube.com/watch?v=i0we6am_25g,OP
Bleach,Op 13,https://www.youtube.com/watch?v=5emM3JGI5JA,OP
Bleach,Ed - Life is like a boat,https://www.youtube.com/watch?v=hYD6Ocj8dp8,ED
Bleach,Ed - Last Moment,https://www.youtube.com/watch?v=N4bCjOEjhCk,ED
Bleach,Number One,https://www.youtube.com/watch?v=1lsn2tT5yTc,Soundtrack
Fullmetal Alchemist,Op 1,https://www.youtube.com/watch?v=elyXcwunIYA,OP
Fullmetal Alchemist,Op 4,https://www.youtube.com/watch?v=nOf0sB8OR5o,OP
Madoka Magica,Op 1,https://www.youtube.com/watch?v=OrgpX-_bFqM,OP
Madoka Magica,Ed 1,https://www.youtube.com/watch?v=rNOTnm2M1a0,ED
Madoka Magica,Mami Theme,https://www.youtube.com/watch?v=2MaQ6m6mho8,Soundtrack
Ouran Host Club,Op,https://www.youtube.com/watch?v=S1SxNoqhwHA,OP
Ouran Host Club,Ed,https://www.youtube.com/watch?v=TNkVWoRmy1A,ED
Death Note,Op,https://www.youtube.com/watch?v=kNyR46eHDxE,OP
Death Note,L Theme,https://www.youtube.com/watch?v=qR6dzwQahOM,Soundtrack
Baka and Test,Op 1,https://www.youtube.com/watch?v=CXW9KqRVa7E,OP
Baka and Test,Ed 1,https://www.youtube.com/watch?v=QY29T1p0OdY,ED
Yuru Yuri,Op 1,https://www.youtube.com/watch?v=bT7CvWPKSek,OP
Yuru Yuri,Ed 1,https://www.youtube.com/watch?v=vYTdXCUrTOQ,ED
Higurashi,Op 1,https://www.youtube.com/watch?v=XgWkIrFQQE0,OP
Higurashi,Op 2,https://www.youtube.com/watch?v=9GZgzc3_-eA,OP
Higurashi,Dear You,https://www.youtube.com/watch?v=AqyKkcwd-rY,Soundtrack
Guilty Crown,Op 1,https://www.youtube.com/watch?v=xmh3mNvgJBs,OP
Sword Art Online,Op 1,https://www.youtube.com/watch?v=1oOBjyOKu2o,OP
Attack On Titan,Op 1,https://www.youtube.com/watch?v=8OkpRK2_gVs,OP
Attack On Titan,Op 3,https://www.youtube.com/watch?v=LKP-vZvjbh8,OP
Kabaneri of the Iron Fortress,Ed,https://www.youtube.com/watch?v=X21WORLKLrE,ED
Kill Me Baby,Op,https://www.youtube.com/watch?v=0L859J3iQk8,OP
Kill Me Baby,Ed,https://www.youtube.com/watch?v=24cJ1Mp48-I,ED
Nichijou,Op 1,https://www.youtube.com/watch?v=qUk1ZoCGqsA,OP
Nichijou,Op 2,https://www.youtube.com/watch?v=j-HPhUy5Awk,OP
Daily Lives of Highschool Boys,Op,https://www.youtube.com/watch?v=m_ywkjjPVfY,OP
Daily Lives of Highschool Boys,Ed,https://www.youtube.com/watch?v=SJkVwyZOzlI,ED
Danmachi,Op 1,https://www.youtube.com/watch?v=0H_RCGEcjhs,OP
Konosuba,Op 1,https://www.youtube.com/watch?v=fpG3BPNQepY,OP
Tokyo Ghoul,Op 1,https://www.youtube.com/watch?v=7aMOurgDB-o,OP
Psycho Pass,Op 1,https://www.youtube.com/watch?v=Eksw56g-WBY,OP
Angel Beats,Op,https://www.youtube.com/watch?v=Eksw56g-WBY,OP
Angel Beats,Ed,https://www.youtube.com/watch?v=Yk9zaP1E_JE,ED
Anohana,Op,https://www.youtube.com/watch?v=nmix0phrCVU,OP
Darker than Black,Op 1,https://www.youtube.com/watch?v=y1s0-X9O2ho,OP
Darker than Black,Op 2,https://www.youtube.com/watch?v=S-PjhOWhx3Q,OP
Darker than Black,Op 3,https://www.youtube.com/watch?v=JXTNhHfcHpU,OP
My Hero Academia,Op 1,https://www.youtube.com/watch?v=L1FdEBTJXus,OP
My Hero Academia,Op 2,https://www.youtube.com/watch?v=Q7w5IMyJ3pM,OP
Charlotte,Op,https://www.youtube.com/watch?v=kYm-0pr5t50,OP
Assassination Classroom,Op 1,https://www.youtube.com/watch?v=Tgla0Q88V_Y,OP
Yamada-kun and the Seven Witches,Op,https://www.youtube.com/watch?v=BHncfQjJb_w,OP
Steins;Gate,Op,https://www.youtube.com/watch?v=1FPdtR_5KFo,OP
Erased,Op,https://www.youtube.com/watch?v=fodAJ-1dN3I,OP
Erased,Ed,https://www.youtube.com/watch?v=Od9NQbyNpwE,ED
Fate/Zero,Op 1,https://www.youtube.com/watch?v=t1Wkgj7mntM,OP
Owari no Seraph,Op 1,https://www.youtube.com/watch?v=MxoJvOE7hcU,OP
Nanatsu no Taizai,Op 1,https://www.youtube.com/watch?v=Yp5tArFcNoA,OP
Nanatsu no Taizai,Op 2,https://www.youtube.com/watch?v=lD-nLjQE9SU,OP
Gurren Lagann,Op 1,https://www.youtube.com/watch?v=FwgMxjhXkKo,OP
Death Parade,Op,https://www.youtube.com/watch?v=Ca5Tf5BDSYI,OP
One Punch Man,Op 1,https://www.youtube.com/watch?v=atxYe-nOa9w,OP
Carnival Phantasm,Op,https://www.youtube.com/watch?v=62c7_zKoSV8,OP
Carnival Phantasm,Ed,https://www.youtube.com/watch?v=AqkXGHNzgbA,ED
No Game No Life,Op,https://www.youtube.com/watch?v=6CBp4qylX6I,OP
Kekkai Sensen,Op 1,https://www.youtube.com/watch?v=3XiYyiwFNRo,OP
Kekkai Sensen,Ed 1,https://www.youtube.com/watch?v=j3SlUmr_T4g,ED
Kekkai Sensen,Ed 2,https://www.youtube.com/watch?v=LMSbg7z1E-0,ED
Mirai Nikki,Op,https://www.youtube.com/watch?v=WveI4wVCF-4,OP
Parasyte,Op,https://www.youtube.com/watch?v=ziatgnrtG0Y,OP
Parasyte,Next to You,https://www.youtube.com/watch?v=N-qZaGm8m4k,Soundtrack
Squid Girl,Op 1,https://www.youtube.com/watch?v=tR64Xn5syrw,OP
Soul Eater,Op 1,https://www.youtube.com/watch?v=zzJ8U8OtEsE,OP
Soul Eater,Op 2,https://www.youtube.com/watch?v=-eYK3YP524A,OP
Soul Eater,Ed 3,https://www.youtube.com/watch?v=6W1ajuerl6o,ED
Soul Eater,Bang bang bang bang have a nice dream,https://www.youtube.com/watch?v=kXN84iGV2Y0,Soundtrack
The Devils a Part-Timer,Op 1,https://www.youtube.com/watch?v=oe9gQt-x_BE,OP
Shingeki no Bahamut,Op 1,https://www.youtube.com/watch?v=37Xm0ruEvoc,OP
Kinos Journey,New Op,https://www.youtube.com/watch?v=-rBNn0q6u_A,OP
Kinos Journey,Og Op,https://www.youtube.com/watch?v=a7f0ESMofbI,OP
Ef,Melodies Op,https://www.youtube.com/watch?v=Egmf2bl6HoI,OP
Made in Abyss,Op 1,https://www.youtube.com/watch?v=e91G8m9uM_0,OP
The Ancient Magus Bride,Op 1,https://www.youtube.com/watch?v=KuZbmLLv1vM,OP
Your Name,Sparkle,https://www.youtube.com/watch?v=-pHfPJGatgE,Soundtrack
Your Name,Nandemonaiya,https://www.youtube.com/watch?v=n89SKAymNfA,Soundtrack
Cells at Work,Op,https://www.youtube.com/watch?v=aFe3srrhLdI,OP
Grand Blue,Op,https://www.youtube.com/watch?v=BU3Uvy-YX8Q,OP
Grand Blue,Ed,https://www.youtube.com/watch?v=yXWrMtHPn6w,ED
Durarara,Op 1,https://www.youtube.com/watch?v=Zc9h0RnJYxU,OP
Durarara,Op 2,https://www.youtube.com/watch?v=_kRj1f3_4V0,OP
Durarara,Op 4,https://www.youtube.com/watch?v=5r0jdlfqeE4,OP
Blue Exorcist,Op 1,https://www.youtube.com/watch?v=s99s4VCtCP8,OP
Blue Exorcist,Op 2,https://www.youtube.com/watch?v=vSUsiPvJv2Q,OP
Blue Exorcist,Ed 1,https://www.youtube.com/watch?v=dL1ubtQFrXE,ED
Inu x Boku,Op,https://www.youtube.com/watch?v=WpJ8oP0ZWoc,OP
Bunny Girl Senpai,Op,https://www.youtube.com/watch?v=W_JPQWchLdE,OP
Bunny Girl Senpai,Ed,https://www.youtube.com/watch?v=CCADAIE2FnE,ED
Last Exile,Op,https://www.youtube.com/watch?v=q6MVLxyQAZI,OP
Wotakoi,Op,https://www.youtube.com/watch?v=XjHqfhOcK_0,OP
3-Gatsu no Lion,Op 1,https://www.youtube.com/watch?v=cKWqPXkLgzY,OP
3-Gatsu no Lion,Ed 2,https://www.youtube.com/watch?v=8kQDSgt-4xE,ED
The Promised Neverland,Op 1,https://www.youtube.com/watch?v=yB2t5y7ujlg,OP
Redline,Yellow Line,https://www.youtube.com/watch?v=doEwWzMz99A,Soundtrack
Redline,Redline Day,https://www.youtube.com/watch?v=1VG5rb96nXk,Soundtrack
Mushishi,Op 1,https://www.youtube.com/watch?v=VBBFDb0hC4Y,OP
Mushishi,Op 2,https://www.youtube.com/watch?v=1YoYbpBGaJM,OP
Violet Evergarden,Op,https://www.youtube.com/watch?v=Q1eBXy-siOQ,OP
Violet Evergarden,Back in Buisness,https://www.youtube.com/watch?v=owlDiIL1JYU,Soundtrack
Saiki K,Op 4,https://www.youtube.com/watch?v=ZoxtlCeo19s,OP
Saiki K,Judgement Knights of Thunder,https://www.youtube.com/watch?v=4-dndcRkjwc,Soundtrack
Bocchi,OP 1,https://www.youtube.com/watch?v=dlSbEP4V-gI,OP
Bocchi,Ed 1,https://www.youtube.com/watch?v=wbQEA_nxLaE,ED
Dungeon Meshi,OP 1,https://www.youtube.com/watch?v=QeWnsJjkLzU,OP
Dungeon Meshi,OP 2,https://www.youtube.com/watch?v=E-jsT52Kkhs,OP
Dungeon Meshi,Ed 1,https://www.youtube.com/watch?v=VgONMsWIb-8,ED
Jigoku Shoujo,Op 1,https://www.youtube.com/watch?v=iVBmh1EmC5M,OP
Saijaku Tamer,Hate no Nai Tabi,https://www.youtube.com/watch?v=fUoO2AinMr8,OP
Saijaku Tamer,because,https://www.youtube.com/watch?v=_a98xdzMkpg,ED
Villainess Level 99,Op,https://www.youtube.com/watch?v=0o6qbg7gRMk,OP
Jigoku Shoujo,Op 2,https://www.youtube.com/watch?v=nfiBvfxA9zk,OP
Fantasy Bishoujo Juniku Ojisan to,Akatsuki no Salaryman,https://www.youtube.com/watch?v=l1u4JqwoPJ0,OP
Barakamon,Op 1,https://www.youtube.com/watch?v=_vvL3z3pAs0,OP
Sousou no Frieren,Op1,https://www.youtube.com/watch?v=-jGBp5HBLFs,OP
Serial Experiments Lain,Op 1,https://www.youtube.com/watch?v=MM8RufZr5lw,OP
Sousou no Frieren,Op 2,https://www.youtube.com/watch?v=wfmYSuPiYEQ,OP
Sousou no Frieren,ED 1,https://www.youtube.com/watch?v=7pmd0kt3FOs,ED
Sousou no Frieren,ED 2,https://www.youtube.com/watch?v=HAOQDCF0jQE,ED
Sousou no Frieren,Zoltaak,https://www.youtube.com/watch?v=M7gm_r8hXoU,Soundtrack
Sousou no Frieren,Dragon Smasher,https://www.youtube.com/watch?v=lrBUdDDHflU,Soundtrack
Shield Hero,Op 1,https://www.youtube.com/watch?v=jZvFEtR8RH0,OP
Shield Hero,Op 2,https://www.youtube.com/watch?v=HutPrLMPWw0,OP
Paprika,Op,https://www.youtube.com/watch?v=yx9RgTiIKDE,OP
Cyperpunk: Edgerunners ,This Fffire,https://www.youtube.com/watch?v=OifiVCnFKzM,OP
Mahou Shoujo Lyrical Nanoha,Op 1,https://www.youtube.com/watch?v=J_hZLbh3yQ0,OP
Cyperpunk: Edgerunners ,I Really Want to Stay At Your House,https://www.youtube.com/watch?v=KvMY1uzSC1E,Soundtrack
Watashi no Oshi wa Akuyaku Reijou,Raise Y/Our Hands!!,https://www.youtube.com/watch?v=XO5HRnM0_oI,OP
Mahou Shoujo Lyrical Nanoha,Take a Shot,https://www.youtube.com/watch?v=5UUzdIxj9nM,Soundtrack
Watashi no Oshi wa Akuyaku Reijou,O.C. Optimum Combination,https://www.youtube.com/watch?v=GUxRXyQzUHM,ED
Love After World Domination,Koi wa Explosion,https://www.youtube.com/watch?v=yNkMTniqjsU,OP
Gekkan Shoujo Nozaki-kun,Op,https://www.youtube.com/watch?v=IOeCpYhwbfY,OP
Gekkan Shoujo Nozaki-kun,Ed,https://www.youtube.com/watch?v=jfQnUiGRQxA,ED
Mob Pyscho 100,Op 1,https://www.youtube.com/watch?v=Bw-5Lka7gPE,OP
Paripi Koumei,Chitty Chitty Bang Bang,https://www.youtube.com/watch?v=gNn9NxZH2Vo,OP
Mob Pyscho 100,OP 3,https://www.youtube.com/watch?v=umqzznKblJ0,OP
Mob Pyscho 100,Op 2,https://www.youtube.com/watch?v=epZaT8B31-g,OP
Mob Pyscho 100,Ed 2,https://www.youtube.com/watch?v=4p_OmTMlZXw,ED
Ishuzoku Reviewers,Op,https://www.youtube.com/watch?v=QLO4tg0ubXc,OP
Inuyashiki,Op 1,https://www.youtube.com/watch?v=cYciY8Y8Y8s,OP
Ishuzoku Reviewers,Ed,https://www.youtube.com/watch?v=M_BUP6DLmqw,ED
Ghost Stories,Op,https://www.youtube.com/watch?v=ZG-MPugFCDM,OP
Eromanga Sensei,Op,https://www.youtube.com/watch?v=DeGw8-KwxM4,OP
Eromanga Sensei,Ed,https://www.youtube.com/watch?v=UzFArt9M7JM,ED
Cat Planet Cuties,Op,https://www.youtube.com/watch?v=a-Kan_YfouU,OP
Devilman Crybaby,Op,https://www.youtube.com/watch?v=SM5mnH7JrJE,OP
Oshi no Ko,Op1,https://www.youtube.com/watch?v=ZYlaUrj2Zkk,OP
Oshi no Ko,OP 2,Oshi no Ko Opening 2 (4k 60FPS)┃Creditless (youtube.com),OP
Umineko,Op,https://www.youtube.com/watch?v=GTojZzKi9V8,OP
Eizouken,Op,https://www.youtube.com/watch?v=8-91y7BJ8QA,OP
Eizouken,Insert song,https://www.youtube.com/watch?v=eUwHu_xHddw&list=FLizPzIFGzNyJkfC5wOp6HNA&index=23,Soundtrack
Hunter x Hunter,Op,https://www.youtube.com/watch?v=faqmNf_fZlE,OP
Hunter x Hunter,Ed 1,https://www.youtube.com/watch?v=ELuVDnlB8PE,ED
Hunter x Hunter,Ed 3,https://www.youtube.com/watch?v=fhAKgOvIQsM,ED
Bofuri,Goodnight,https://www.youtube.com/watch?v=ckxYNTKSVD0,Soundtrack
Sabikui Bisco,Kaze no Oto Sae Kikoenai,https://www.youtube.com/watch?v=qHDGnu4-b8U,OP
Demon Slayer,Op 1,https://www.youtube.com/watch?v=pmanD_s7G3U,OP
Dorohedoro,Op 1,https://www.youtube.com/watch?v=iH_YJde1yps,OP
Dorohedoro,Ed 2,https://www.youtube.com/watch?v=3U9AJM4wwm0,ED
Ranking of Kings,Boy,https://www.youtube.com/watch?v=s5SSAXK6bQE,OP
Ranking of Kings,OP 2,https://www.youtube.com/watch?v=dWZAH5w8jkQ,OP
Ranking of Kings,OZ,https://www.youtube.com/watch?v=KG9Thb1XKcs,ED
Keijo!!!!!!!!,OP,https://www.youtube.com/watch?v=SSo3gVnQaKo,OP
The Helpful fox Senko-san,Koyoi mofumofu !!,https://www.youtube.com/watch?v=vvC7KJS_t1Q,OP
Lovely Complex,Op 1,https://www.youtube.com/watch?v=Ni1hZafSmME,OP
Lovely Complex,Op 2,https://www.youtube.com/watch?v=SrftdY9W_rY,OP
Black Clover,Op 3,https://www.youtube.com/watch?v=dUiDZJMPh-s,OP
Black Clover,Op 4,https://www.youtube.com/watch?v=URwMxNidO-8,OP
Black Clover,Op 7,https://www.youtube.com/watch?v=fFd1VkGc-SI,OP
Black Clover,Op 9,https://www.youtube.com/watch?v=NrAeSJP4qIg,OP
Black Clover,Op 10,https://www.youtube.com/watch?v=xj9aaqzKBwM,OP
The Helpful fox Senko-san,Moffumoffu DE Yoi no Ja yo,https://www.youtube.com/watch?v=PvSDklO6XcQ,ED
Handa-Kun,Op,https://www.youtube.com/watch?v=1nAETV9qYPg,OP
Desert Punk,Op,https://www.youtube.com/watch?v=tux_u8BIfik,OP
Odd Taxi,ODDTAXI,https://www.youtube.com/watch?v=zI_cLtW3PnA,OP
Black Lagoon,Op 1,https://www.youtube.com/watch?v=dWfxcRj39tg,OP
Rent a Girlfriend,Op 1,https://www.youtube.com/watch?v=cM1WSovcn4I,OP
Rent a Girlfriend,Ed 1,https://www.youtube.com/watch?v=lYUdHGhxCw4,ED
Kore wa Zombie desu ka,Op 1,https://www.youtube.com/watch?v=KpDstvOgL7s,OP
Kore wa Zombie desu ka,Ed 1,https://www.youtube.com/watch?v=47SquTj_nC4,ED
Kore wa Zombie desu ka,Break Dance,https://www.youtube.com/watch?v=POsSiI3bKUM,Soundtrack
Vivy -Fluorite Eyes Song-,Sing My Pleasure,https://www.youtube.com/watch?v=2p8ig-TrYPY,OP
Slime Taoshite 300-nen,Gudafuwa Everyday,https://www.youtube.com/watch?v=Z96BU8iZhLs,OP
Sakamoto desu ga,Op,https://www.youtube.com/watch?v=f8d3bW42aFY,OP
Noragami,Op 1,https://www.youtube.com/watch?v=gWCnKoEgfP0,OP
Noragami,Op 2,https://www.youtube.com/watch?v=aZenmeRytEM,OP
Shiki,Op 1,https://www.youtube.com/watch?v=vZZ9eJ7KK1g,OP
Shiki,Op 2,https://www.youtube.com/watch?v=3VSdQO_Z5Cw,OP
Ben-To,Op,https://www.youtube.com/watch?v=4Vcif419h-o,OP
Shimoneta,Op 1,https://www.youtube.com/watch?v=hfBY2E3snFs,OP
Shimoneta,Ed,https://www.youtube.com/watch?v=1Ntemtw8El0,ED
Good Luck Girl,Op,https://www.youtube.com/watch?v=kwZddhJDgCM,OP
Deca-Dence,Op,https://www.youtube.com/watch?v=n83X1ao7D6I,OP
Zankyou no Terror,Op,https://www.youtube.com/watch?v=g1ARRcK4LVs,OP
Danganronpa,Op,https://www.youtube.com/watch?v=Avr-Iu5vWsM,OP
Great Pretender,Op,https://www.youtube.com/watch?v=tZlvvdv1ffU,OP
Hakata Tonkatsu Ramens,Op,https://www.youtube.com/watch?v=JrVt1hPpkVM,OP
Vinland Saga,Op 1,https://www.youtube.com/watch?v=xEVcTStgA4A,OP
Welcome to the NHK,Op 1,https://www.youtube.com/watch?v=MeCHp0Bm_6g,OP
Btooom,Op,https://www.youtube.com/watch?v=5GjbLOe_cgw,OP
Jujutsu Kaisen,Op 1,https://www.youtube.com/watch?v=GwaRztMaoY0,OP
Jujutsu Kaisen,Ed 2,JUJUTSU KAISEN - Ending 2 | Give it Back (youtube.com),ED
Jujutsu Kaisen,Op 2,https://www.youtube.com/watch?v=LFTE4W--Htk,OP
Jujutsu Kaisen,Ed 1,https://www.youtube.com/watch?v=6riDJMI-Y8U,ED
Tatami Galaxy,Op,https://www.youtube.com/watch?v=xkH8ti1gakE,OP
Tatami Galaxy,Op 2,https://www.youtube.com/watch?v=p13YTPg8fA4,OP
Tatami Galaxy,Ed 1,https://www.youtube.com/watch?v=-IcFDwygw-o,ED
Ranking of Kings,Op 2,https://www.youtube.com/watch?v=EP0k1ee8Dgc,OP
Blue Lock,OP 1,https://www.youtube.com/watch?v=5Iv3Fi8eb7w,OP
Blue Lock,OP 2,https://www.youtube.com/watch?v=y8B6-Eot9iI,OP
Blue Lock,OP 3,BLUE LOCK 2nd Season - Opening | Boujaku no Charisma - YouTube,OP
Blue Lock,Ed 1,BLUE LOCK - Ending 1 | Winner (youtube.com),ED
Blue Lock,Ed 2,https://www.youtube.com/watch?v=y9wJSeLL-D0,ED
Heion Sedai no Idaten-tachi ,OP 1,https://www.youtube.com/watch?v=x59-Lr9nnho,OP
Houseki no Kuni ,OP 1,https://www.youtube.com/watch?v=C9MuI4gfyiA,OP
Dragon Maid,OP 1,https://www.youtube.com/watch?v=HbXtkT48yQM,OP
Dragon Maid,OP 2,https://www.youtube.com/watch?v=KVV5Hh2RHoA,OP
Full Dive: This Ultimate Next-Gen Full Dive RPG,OP 1,https://www.youtube.com/watch?v=SEjR9IPyecg,OP
MEGALOBOX ,OP 1,https://www.youtube.com/watch?v=ByMrJy5p7q8,OP
MEGALOBOX ,OP 2,https://www.youtube.com/watch?v=SKU4mJtecNc,OP
MEGALOBOX ,MEGALOBOX  Theme,https://www.youtube.com/watch?v=7ryzRsoJ8gY,Soundtrack
MEGALOBOX ,Sachio Theme,https://www.youtube.com/watch?v=rpzqfI7BFZI,Soundtrack
Ore wo Sukinano wa Omae,OP 1,https://www.youtube.com/watch?v=OQUk9T0yL7s,OP
Samurai Champloo,OP 1,https://www.youtube.com/watch?v=Eq6EYcpWB_c,OP
Samurai Champloo,OST Aruarian Dance,https://www.youtube.com/watch?v=HkZ8BitJhvc,Soundtrack
Samurai Champloo,Ed 1,Samurai Champloo - Ending | Shiki No Uta (youtube.com),ED
Shadow House,Ed 1,https://www.youtube.com/watch?v=6NHq2ZVv4_g,ED
Shadow House,OP 1,Shadow House OP | a hollow shadow | Sub Español - Romaji『AMV』☆ (youtube.com),OP
Suzume no Tojimari,OP,https://www.youtube.com/watch?v=qal34e9v_pk,OP
Tengoku Daimakyou,OP 1,https://www.youtube.com/watch?v=ir08xj0g4Dw,OP
Tokyo Revengers,OP 1,Tokyo Revengers - Opening | Cry Baby (youtube.com),OP
Tokyo Revengers,Ed 1,https://www.youtube.com/watch?v=AUS2Np9LBDM,ED
Yuukoku no Moriarty,OP 1,Moriarty the Patriot Opening Theme - DYING WISH (youtube.com),OP
Yuukoku no Moriarty,Ed 1,https://www.youtube.com/watch?v=GXDRhu7-bp4,ED
Mashle,OP 2,"MASHLE: MAGIC AND MUSCLES Season 2 - Opening FULL ""Bling-Bang-Bang-Born"" by Creepy Nuts (Lyrics) (youtube.com)",OP
The Apothecary Diaries,OP 1,https://www.youtube.com/watch?v=EQ-DKvLQlyQ,OP
Haikuu,OP 1,https://www.youtube.com/watch?v=XS-N8KfZ5EU&list=PLzM2LSdnII9iY2aBD7Sd0qBEjUHM0Res6&index=1,OP
Haikuu,OP 2,https://www.youtube.com/watch?v=7aNg8cV65Os&list=PLzM2LSdnII9iY2aBD7Sd0qBEjUHM0Res6&index=4,OP
Wind Breaker,OP 1,TVアニメ「WIND BREAKER」ノンクレジットオープニング映像『絶対零度』なとり｜2024.04.04 ON AIR (youtube.com),OP
Kaiju No. 8,OP 1,YUNGBLUD - Abyss (from Kaiju No. 8) [Official Lyric Video] (youtube.com),OP
Kaiju No. 8,Ed 1,https://www.youtube.com/watch?v=4dHbbvbBc4I,ED
Sonny Boy,OP 1,https://www.youtube.com/watch?v=TBac0TtmSZE,OP
Golden Boy,OP 1,https://www.youtube.com/watch?v=47Hg0QIo1x8,OP
Golden Boy,Lady President,https://www.youtube.com/watch?v=qR92VsjVVWk,Soundtrack
Zom 100,OP 1,https://www.youtube.com/watch?v=Tt4_enX63K0,OP
Dandandan,OP 1,https://www.youtube.com/watch?v=A1dnxXrpN-o,OP
Dandandan,Ed 1,https://www.youtube.com/watch?v=ovW7yRi1iJ8,ED
Sonny Boy,Todays Song,https://www.youtube.com/watch?v=QT8gq3mAfLU,Soundtrack
Haiyori Nyaruko-San,Op 2,https://www.youtube.com/watch?v=Y6hkBiZGCag,OP
Todays Menu for the Emiya Family,Op,https://www.youtube.com/watch?v=xQKgbWm4GWQ,OP
Food Wars,Op 1,https://www.youtube.com/watch?v=vV3l_1j8pPE,OP
Food Wars,Ed 1,https://www.youtube.com/watch?v=M_cyl6c8pMI,ED
Fire Force,Op 1,https://www.youtube.com/watch?v=JBqxVX_LXvk,OP
Fire Force,Op 3,https://www.youtube.com/watch?v=xLGtT8WuidM,OP
One Piece,Op 1,https://www.youtube.com/watch?v=gcjdXMfYIe4,OP
One Piece,Op 13,https://www.youtube.com/watch?v=9vc2r0s6M_M,OP
One Piece,Luffys Theme,https://www.youtube.com/watch?v=fDlNVZctQlY,OP
One Piece,The Battle Continues as Long As You Live,https://www.youtube.com/watch?v=7FVQeJI2Q1I,OP
Neon Genisis Evangelion,Op,https://www.youtube.com/watch?v=fShlVhCfHig,OP
Inou Battle wa Nichijou,Op 1,https://www.youtube.com/watch?v=-loiSJb96ok,OP
Naruto,OP 1,https://youtu.be/4t__wczfpRI?si=fansvwTUkZ7V7RgT,OP
Naruto,OP 2,https://youtu.be/SRn99oN1p_c?si=li5h5BeSXJ_LaoW-,OP
Naruto,OP 4,https://youtu.be/xjBTNbEXbAA?si=rUX75gehOTDW6yEG,OP
Naruto,OP 8,https://youtu.be/yB2g22359Fg?si=DKnzcjvLY-wMqCz7,OP
Pokemon,Original Op,https://www.youtube.com/watch?v=6xKWiCMKKJg,OP
Naruto,OP 9,https://youtu.be/-m8kR0FQ7Wk?si=qW_tGDeueKrUns6t,OP
Pokemon,Advanced Battle Op,https://www.youtube.com/watch?v=fhk77O165a0,OP
Pokemon,Battle Frontier Op,https://www.youtube.com/watch?v=hWrAEnnaJfU,OP
Digimon,English Op,https://www.youtube.com/watch?v=KUUQhLHBR2o,OP
Baccano!,Guns and Roses,https://youtu.be/_F5459jCtuM?si=hhk76nMk5xm4kYA5,OP
Spy X Family,Mixed Nuts,https://youtu.be/EzGs8Tm_C2g?si=m0sIOZudtDrlhf-j,OP
Digimon,JP Op (Butterfly),https://www.youtube.com/watch?v=6sGsBgm1EMg,OP
Spy X Family,Kigeki,https://youtu.be/OoJBMjjIXY4?si=tlf6Yq90N76dVK49,ED
Little Witch Academia,OP 1,https://www.youtube.com/watch?v=JRmgL564x8E,OP
Tonari no Seki-kun,OP 1,https://www.youtube.com/watch?v=FBaTMEAe6bc,OP
Tonari no Seki-kun,Ed 1,https://www.youtube.com/watch?v=oIKB7i6fcmk,ED
A Place Further than the Universe,Op 1,https://www.youtube.com/watch?v=DaTzRcSyEWc,OP
Amagi Brilliant Park,OP 1,https://www.youtube.com/watch?v=L1SeZtTb_i8,OP
Chihayafuru,OP 1,https://www.youtube.com/watch?v=IcCJgmLZYkE,OP
Code Geass,OP 1,https://www.youtube.com/watch?v=G8CFuZ9MseQ,OP
Code Geass,OP 2,https://www.youtube.com/watch?v=0-Tivlwd6eY&list=PLIKuTEqfnM5W29NoNhBK756C2R9RwkG5_&index=2,Soundtrack
Persona,Take Over,https://www.youtube.com/watch?v=rJ2KB5LVdqA&list=RDQMVuGM-n5Iws4&start_radio=1,Soundtrack
Persona,"Wake up, Get up",https://www.youtube.com/watch?v=SmQ1ZXTHNKA&list=PLZuZrScKjWOMAEEBEGTmAGtmmlg6QY7bC,Soundtrack
Persona,Beneath the Mask,https://www.youtube.com/watch?v=0-R0jxIxvh8&list=PLZuZrScKjWOMAEEBEGTmAGtmmlg6QY7bC&index=29,Soundtrack
Persona,Life will change,https://www.youtube.com/watch?v=CGwH6rZk7VM,Soundtrack
Persona,River in the desert,https://www.youtube.com/watch?v=XD-OFP-0H5g,Soundtrack
Darling in the Franxx,OP 1,https://www.youtube.com/watch?v=A4kLcDWBYcQ,OP
Darling in the Franxx,ED 1,https://www.youtube.com/watch?v=IAZMcHA7rYs,OP
Dragon Pilot,OP 1,https://www.youtube.com/watch?v=-L0QLAnkvqY,OP
How Many Kilograms are in your Dumbells,OP 1,https://www.youtube.com/watch?v=ULjbIMvP6A0,OP
Gabriel Dropout,OP 1,https://www.youtube.com/watch?v=UfiU6b8LZb0,OP
Gabriel Dropout,ED 1,https://www.youtube.com/watch?v=LAUF7t4xY98,ED
Girls und Panzer,OP 1,https://www.youtube.com/watch?v=3rkn-xqhSDc,OP
Goblin Slayer,OP 1,https://www.youtube.com/watch?v=N301TAIEYy4,OP
Hajime No Ippo,OP 4,https://www.youtube.com/watch?v=OapLuWMhlfk&ab_channel=Rayanblld,OP
Interviews with Monster Girls,OP 1,https://www.youtube.com/watch?v=naJZAXwlxjk,OP
Kaguya-sama Love is War,OP 1,https://www.youtube.com/watch?v=lTlzDfhPtFA,OP
Code Breaker,OP 1,https://www.youtube.com/watch?v=vXJ4volnOkI&ab_channel=TheMasked,OP
Kaguya-sama Love is War,OP 2,https://www.youtube.com/watch?v=Do1UtRDoQa0,OP
Lull in the Sea,OP 2,https://www.youtube.com/watch?v=9T4UvPN_H_s,OP
Toradora,OP 1,https://www.youtube.com/watch?v=CzOEMJSQRZU,OP
Toradora,OP 2,https://www.youtube.com/watch?v=NelsVmSt8xY&list=RDCzOEMJSQRZU&index=2,OP
MMO Junkie,OP 1,https://www.youtube.com/watch?v=Ln6NpxYb73k,OP
Space Dandy,OP 1,https://www.youtube.com/watch?v=IZzSxLdLVp4,OP
Space Dandy,Ed 1,https://www.youtube.com/watch?v=0EHzC0xD0rM,ED
Slime Isekai,OP 1,https://www.youtube.com/watch?v=ZhvUomsfG8o,OP
Beastars,OP 1,https://www.youtube.com/watch?v=bgo9dJB_icw,OP
Uzaki-chan,OP 1,https://www.youtube.com/watch?v=U3JVomxH8Xo,OP
Chainsaw Man,OP 1,https://www.youtube.com/watch?v=M2cckDmNLMI&ab_channel=KenshiYonezu%E7%B1%B3%E6%B4%A5%E7%8E%84%E5%B8%AB,OP
Shikabane Hime,OP 1,https://www.youtube.com/watch?v=oDvFgCdbsm4,OP
Cowboy Bebop,OP 1,https://www.youtube.com/watch?v=EL-D9LrFJd4,OP
Blend S,OP 1,https://www.youtube.com/watch?v=ZRrauyTlT6U,OP
Gintama,OP 1,https://www.youtube.com/watch?v=REHaJZgWwxY&list=PLy3qwcjRGnFIZ0M22otbVpeWeYHQKtEfz&index=1,OP
Gintama,OP 2,https://www.youtube.com/watch?v=jbv5rCcTCfc&list=PLy3qwcjRGnFIZ0M22otbVpeWeYHQKtEfz&index=2,OP
Gintama,OP 3,https://www.youtube.com/watch?v=4uHbNfZDxqA&list=PLy3qwcjRGnFIZ0M22otbVpeWeYHQKtEfz&index=3,OP
Gintama,OP 5,https://www.youtube.com/watch?v=YCq4-r9annU&list=PLy3qwcjRGnFIZ0M22otbVpeWeYHQKtEfz&index=5,OP
Gintama,OP 9,https://www.youtube.com/watch?v=-B3rpKfva1w&list=PLy3qwcjRGnFIZ0M22otbVpeWeYHQKtEfz&index=9,OP
Gintama,Shura,https://www.youtube.com/watch?v=BKhvTZIft8k,ED
Gintama,Mr Raindrop,https://www.youtube.com/watch?v=IxDrKYEe8Y4,ED
Weathering With You,OST - Grand Escape,https://www.youtube.com/watch?v=cCETkLyO7ps&ab_channel=AniMelody,Soundtrack
Gintama,Ed 17,https://www.youtube.com/watch?v=v0cAJ1Cg8E8,ED
Gintama,Op 13,https://www.youtube.com/watch?v=GQRMESLHVc0,OP
Jojo,Op 7,https://www.youtube.com/watch?v=mU3vgXUKeFM,OP
Kill La Kill,Op1,https://www.youtube.com/watch?v=k62_N6O2esw&ab_channel=DQ8ReSlime,OP
Kill La Kill,Op2,https://www.youtube.com/watch?v=WP9SHntROwU&ab_channel=KillProject,OP
Kill La Kill,Light your Heart Up,https://www.youtube.com/watch?v=bGGY6R4AtH0&ab_channel=HiroyukiSAWANO-Topic,Soundtrack
Drifting Dragon,Op 1,https://www.youtube.com/watch?v=6LZSjZL7c-U,OP
Jojo,Op A,https://www.youtube.com/watch?v=wPdX66-Ag2s&list=PLJrvLNDbcTd4uwprjTN5nwwPzRmHf116i,OP
Jojo,Op B,https://www.youtube.com/watch?v=DdGEcJnyVsU&list=PLJrvLNDbcTd4uwprjTN5nwwPzRmHf116i&index=2,OP
Jojo,Op C,https://www.youtube.com/watch?v=SJkCLcnGB-c&list=PLJrvLNDbcTd4uwprjTN5nwwPzRmHf116i&index=3,OP
Jojo,Op D,https://www.youtube.com/watch?v=AQ3oyp4D6FY&list=PLJrvLNDbcTd4uwprjTN5nwwPzRmHf116i&index=12,OP
Jojo,Op E,https://www.youtube.com/watch?v=rGfAyOFUdEY,OP
Samurai Flamenco,Op 1,https://www.youtube.com/watch?v=SC3j_j6tDio,OP
Violet Evergarden,Ed 1,https://www.youtube.com/watch?v=Tzff0e1XegM&ab_channel=Intromania,ED
My Neighbour Totoro,OP 1,https://www.youtube.com/watch?v=DoDJX9pPFLY,OP
My Neighbour Totoro,ED 1,https://www.youtube.com/watch?v=QWPInzLdmsM&list=PL9DsKjFrb_6krdn1A15XLpQjaDn9eNi2u&index=19,OP
Ga Rei Zero,OP 1,https://www.youtube.com/watch?v=09V7mZxeaO8&ab_channel=Ryugilumpy,OP
Howl’s Moving Castle,Main Theme,https://www.youtube.com/watch?v=f7SS57LFPco,Soundtrack
Black Cat,OP 1,https://www.youtube.com/watch?v=hLEK4p0FODs&ab_channel=Yorico-Topic,OP
Black Clover,Op 13,https://www.youtube.com/watch?v=aaZq6SXXNt4,OP
Pokemon,Heroes of Hoenn,https://www.youtube.com/watch?v=M7lQsy-4k-E,Soundtrack